1:M 28 Jul 2026 02:29:39.011 * oO0OoO0OoO0Oo Valkey is starting oO0OoO0OoO0Oo
1:M 28 Jul 2026 02:29:39.011 * Valkey version=9.0.5, bits=64, commit=00000000, modified=0, pid=1, just started
1:M 28 Jul 2026 02:29:39.011 * Configuration loaded
1:M 28 Jul 2026 02:29:39.011 * monotonic clock: POSIX clock_gettime
1:M 28 Jul 2026 02:29:39.011 * Running mode=cluster, port=43090.
1:M 28 Jul 2026 02:29:39.011 * No cluster configuration found, I'm 7f20e7764845bf5654d1596274d0ca97bd04e111
1:M 28 Jul 2026 02:29:39.013 * Server initialized
1:M 28 Jul 2026 02:29:39.013 * Ready to accept connections tcp
1:M 28 Jul 2026 02:29:41.048 # Cluster is currently down: I am part of a minority partition.
1:M 28 Jul 2026 02:31:01.827 * configEpoch set to 91 via CLUSTER SET-CONFIG-EPOCH
1:M 28 Jul 2026 02:31:01.837 * Cluster meet 127.0.0.1:43000 (user request from 'id=3 addr=127.0.0.1:46838 laddr=127.0.0.1:43090 fd=13 name=*redacted* user=*redacted* lib-name= lib-ver=').
1:M 28 Jul 2026 02:31:01.914 * IP address for this node updated to 127.0.0.1
1:M 28 Jul 2026 02:31:01.914 * Successfully completed handshake with 9af6004abaae9fca1446b47c324adcdb70e5a493 ()
1:M 28 Jul 2026 02:31:01.914 * Mismatch in topology information for sender node 9af6004abaae9fca1446b47c324adcdb70e5a493 () in shard c4d9c817912dfadbfea735bf9ac8e53f5c08ae04
1:M 28 Jul 2026 02:31:01.914 # Cluster is currently down: At least one hash slot is not served by any available node. Please check the 'cluster-require-full-coverage' configuration.
1:M 28 Jul 2026 02:31:02.057 * Mismatch in topology information for sender node 3e8507f76ce24e3c05b1773367229e46dbd6b9e4 () in shard 8863447ca7fe366a658e13e7cef9eff5b230a6ba
1:M 28 Jul 2026 02:31:02.057 * Mismatch in topology information for sender node 53aab6310f61f156758427c2a67c74b51cfc2887 () in shard 2d8db312b3ec55aa2e07e13787fe952cda683533
1:M 28 Jul 2026 02:31:02.057 * Mismatch in topology information for sender node 8680331d5f51caf2640170260bddd0f2ba300682 () in shard dbc65e8c1294859b3e58de817b3cdcb3bbfcc712
1:M 28 Jul 2026 02:31:02.057 * Mismatch in topology information for sender node 3dcea49aecc401816c6f32f070029fea63cda28b () in shard e8a62c98925acf14446de2193135237b098601cd
1:M 28 Jul 2026 02:31:02.057 * Mismatch in topology information for sender node a0a21655d6a1ae1d56717571598f731d815ec22c () in shard f8f74368dd3850e0b61d5cd7977f191b4d41203e
1:M 28 Jul 2026 02:31:02.478 * Mismatch in topology information for sender node 3ddb1fe2068972118cc55983341295f829d715cc () in shard ca5350cae1cd5c2970522f927f7f5dc061b002ca
1:M 28 Jul 2026 02:31:02.478 * Mismatch in topology information for sender node 5427d443812b4875185e1be099e7ec3196bd9e55 () in shard 9f12383a3518a6bde22a187bd477653394005bf2
1:M 28 Jul 2026 02:31:02.478 * Mismatch in topology information for sender node af2c78fadbd09497d85d42a74fceb01b80950ed7 () in shard f7bf8f7452bac705c515c865027c23c536956796
1:M 28 Jul 2026 02:31:02.478 * Mismatch in topology information for sender node 13a930c01bffcb8daf5144ad671e3768dd678212 () in shard f1c8aa191611966f0ebc484f5545570c87a2fc0e
1:M 28 Jul 2026 02:31:02.478 * Mismatch in topology information for sender node b17d42107957413c3afa216b0fd2a40efd894914 () in shard 5fbf39b6288e33afea5882fc498ca07262cd0931
1:M 28 Jul 2026 02:31:02.530 * Mismatch in topology information for sender node d82cfaa3d55f79b9be1bfd2a8a3b9c205545cf3c () in shard c6107dd742e0b0d4d44d89e97e330f7be0e62101
1:M 28 Jul 2026 02:31:02.586 * Mismatch in topology information for sender node 240468e94b853b3840656169a90180cbb8320045 () in shard 51e1ad32f437c224e4d2b233d09fb6118f0e3bf2
1:M 28 Jul 2026 02:31:02.614 * Mismatch in topology information for sender node 1b42b1b2814cd4cdf845c58d3dee8b06bdc1e2fa () in shard 886cfce1a775de6802b3a746a3f73245e5a2cfe6
1:M 28 Jul 2026 02:31:02.615 * Mismatch in topology information for sender node 021ff45debda42c9d0c6ec4d38697756bc7282c9 () in shard c330e0bbc2dffd7b914590c25143017a6d15cf3e
1:M 28 Jul 2026 02:31:02.615 * Mismatch in topology information for sender node 7af12c56dbaf453a90eac4308c0381e6e523be17 () in shard aa118b3106eac8a1e9a9f487a0e649e13e75b5f9
1:M 28 Jul 2026 02:31:02.615 * Mismatch in topology information for sender node a106173d75a7c194fc248d3b52e4b033f6c3ce81 () in shard 49ddb47dd308733e3d17f15f9abe81764176ec56
1:M 28 Jul 2026 02:31:02.616 * Mismatch in topology information for sender node 4c3b73d091cba61cccbf9ec390d61d8c32c3be53 () in shard e59ad50da877cb502f1a6ed4d1b270d661d6d897
1:M 28 Jul 2026 02:31:02.616 * Mismatch in topology information for sender node eda04462ed7666bbfa913d5cd2a069e5c18edc4b () in shard 0da3a2a1c49d3b80c779afc2d496b1dbf8b4423f
1:M 28 Jul 2026 02:31:02.617 * Mismatch in topology information for sender node 297f19bae932c1c3cbbe8c49309e0a0299329f7c () in shard 0c2624f408babe4fc2f09c26b4cd95e8117872ad
1:M 28 Jul 2026 02:31:02.621 * Mismatch in topology information for sender node 11206996aa4fcb134fc1450c61e1b77fd1554313 () in shard efb94d6f00efca8be72413427edc1f9bd568c37d
1:M 28 Jul 2026 02:31:02.628 * Mismatch in topology information for sender node dce92a45cc533ba31aedb4cae4901f7a6f0ca9f6 () in shard 375cf5ef2276f66133c40a80afd1c77c453e09b5
1:M 28 Jul 2026 02:31:02.628 * Mismatch in topology information for sender node 8ff391cde62ac35da285a880fe39c0040ae55297 () in shard 56729e484588cb2fde688e9bfb22d614b5e2ee19
1:M 28 Jul 2026 02:31:02.628 * Mismatch in topology information for sender node 136b3659d7015aa6d3740a2c7a9414e9e693d991 () in shard 12aab0276936f05c16390a6e77e0027d2ec3b83f
1:M 28 Jul 2026 02:31:02.628 * Mismatch in topology information for sender node 1377c162e23ebb1d1968d56982381297190b12f0 () in shard a3253fa3d60ee97777a0d3100047e11e3835301a
1:M 28 Jul 2026 02:31:02.628 * Mismatch in topology information for sender node 718d830c262a23ffeb38e0f8f886b8a7639a7c0d () in shard d227dfad40651be359370709fcfc2073f089139a
1:M 28 Jul 2026 02:31:02.665 * Mismatch in topology information for sender node 043cb3eaf2dce8760506fd276cd505289f8349cc () in shard 67a5063642b449c35eb40a6b96100a708d090cf1
1:M 28 Jul 2026 02:31:02.665 * Mismatch in topology information for sender node aa34ea70a67865b6e155de387193f9bad86e88ad () in shard 43ba01ea96496af02de8c89114135129e7956101
1:M 28 Jul 2026 02:31:02.665 * Mismatch in topology information for sender node d6b970fb996252a329b28befa5da9b3a0de5cbd6 () in shard 0507c655a405e43f53cb809e18dde4150be7b8d7
1:M 28 Jul 2026 02:31:02.665 * Mismatch in topology information for sender node b3bda9ded66705c6f4ef9ec90165780261c9a774 () in shard 17aeae5e1ad224e4e5792e3e84b57ffd3a39cfc1
1:M 28 Jul 2026 02:31:02.665 * Mismatch in topology information for sender node 3254898e3777ca0d91b820709852d139713cff04 () in shard 770a73e1c364f8a88cde0f1833856bc41d65b7d3
1:M 28 Jul 2026 02:31:02.706 * Mismatch in topology information for sender node 66b22648b675bd3ba177c193c35be786d2a59ebb () in shard 5be4d9823cb142ae645966ae338e4570b6a83f39
1:M 28 Jul 2026 02:31:02.815 * Mismatch in topology information for sender node b89efb2979df9746755510be7f43f627833d2e80 () in shard 13f78c8d5a099af595909e0d0458089bd988a8aa
1:M 28 Jul 2026 02:31:02.815 * Mismatch in topology information for sender node 91462d5c46d4f689c816acbd1bafc885d719ebdf () in shard 14cd6f3ef2da2d01ebb86cba246c8502304b4e26
1:M 28 Jul 2026 02:31:02.816 * Mismatch in topology information for sender node d7781ef484f388b3b6d54912e5fdefe9391ca53b () in shard 476f03ba6d55cb8ffdbb2dd0e649f4a2b7666264
1:M 28 Jul 2026 02:31:02.816 * Mismatch in topology information for sender node a1e96ea2f4ab5bb2b439c0d709e7f1229d4867d0 () in shard 2866c006455ec3a677d81db4d9c93c6f67c87311
1:M 28 Jul 2026 02:31:02.816 * Mismatch in topology information for sender node 9865788c3cf3d5f80a9c0e012e6b78d21241598d () in shard bcc96ed00099530156daa9255598a481ce902701
1:M 28 Jul 2026 02:31:02.816 * Mismatch in topology information for sender node d2b987762bd0686a5d0102a9803ef96cb103ff9c () in shard 476f6f099e5fb03472e845b24c739223b233a010
1:M 28 Jul 2026 02:31:02.845 * Mismatch in topology information for sender node 84cc001a0a60b9cc353c6373885b9a4df2bf0c05 () in shard 7a522ef56a9e91124d71d87dd070d090e340c5e1
1:M 28 Jul 2026 02:31:02.845 * Mismatch in topology information for sender node d7596d758dd12949a868078140cfade9aa56cd80 () in shard 8db5b7c5e18afb7055c46ad1fbfeb002cd81b868
1:M 28 Jul 2026 02:31:02.845 * Mismatch in topology information for sender node 75ec0e6e491ea57ba462e81c2b73d9524dd3339a () in shard 5332fd57def0c34b0f3daf3e2c966f7e5d0876e9
1:M 28 Jul 2026 02:31:02.845 * Mismatch in topology information for sender node d14a79794e64afb37a60bedbfc01bbd3e7b8a762 () in shard df73f6dadd9730f71da3527fe8cf83c5a0aa2b4c
1:M 28 Jul 2026 02:31:02.845 * Mismatch in topology information for sender node 47332c36b84f555b239fdaa5c549b52936b2240b () in shard 87968707700a1eb96f5d575996339d560ca3d705
1:M 28 Jul 2026 02:31:02.868 * Mismatch in topology information for sender node 897f4d19f1411bd802339b82af8f53346ffe7b4d () in shard 31f29678d34c18e7a24b0c3f74509e774d4eb918
1:M 28 Jul 2026 02:31:02.879 * Mismatch in topology information for sender node 4861be930809bc8dcd53f03e268f7a44b9371d35 () in shard 2de5b3f479e896740a77f2fa307fe4c10ecc787c
1:M 28 Jul 2026 02:31:02.895 * Mismatch in topology information for sender node 2b8102351d06cb7da0724a18c835db8a8e689452 () in shard d75c67bd497b49baa782b10061015be9a9c1f843
1:M 28 Jul 2026 02:31:02.898 * Mismatch in topology information for sender node f68002154c31f604c6c390b71ca5de140dd52fd9 () in shard fe7eea4d2a16994a916f670c9c754d231d1ffde9
1:M 28 Jul 2026 02:31:02.944 * Mismatch in topology information for sender node 6ef8138d923af73cd9b5795e2e159369dc7576e6 () in shard 03caadbc69b2527e2780cec34bd578d674f22fba
1:M 28 Jul 2026 02:31:03.077 * Mismatch in topology information for sender node f6625cba8c046b6d1bb994e59d8b1d24054f53c8 () in shard f0ec48c7faf9430cc277545727a7ea1d279a04ee
1:M 28 Jul 2026 02:31:03.119 * Mismatch in topology information for sender node ae7cf753f52f7384bc1084c5adeb691572b27869 () in shard 16ceefa5adf8d6db083a3ea38e7fb5156a7e3b6c
1:M 28 Jul 2026 02:31:06.878 * Cluster state changed: ok
1:M 28 Jul 2026 02:31:07.482 * Sending MEET packet to node b3bda9ded66705c6f4ef9ec90165780261c9a774 () because there is no inbound link for it
1:M 28 Jul 2026 02:31:07.482 * Sending MEET packet to node 81487c0f773ac8ae9815f23483de9a68c9fe2906 () because there is no inbound link for it
1:M 28 Jul 2026 02:31:07.482 * Sending MEET packet to node 5427d443812b4875185e1be099e7ec3196bd9e55 () because there is no inbound link for it
1:M 28 Jul 2026 02:31:07.482 * Successfully completed handshake with 81487c0f773ac8ae9815f23483de9a68c9fe2906 ()
1:M 28 Jul 2026 02:31:07.482 * Successfully completed handshake with b3bda9ded66705c6f4ef9ec90165780261c9a774 ()
1:M 28 Jul 2026 02:31:07.482 * Successfully completed handshake with 5427d443812b4875185e1be099e7ec3196bd9e55 ()
1:M 28 Jul 2026 02:31:07.542 * Freeing outbound link to node a0a21655d6a1ae1d56717571598f731d815ec22c () after receiving a MEET packet from this known node
1:M 28 Jul 2026 02:31:07.583 * Sending MEET packet to node b478f80dab953e9c2b150f692a5bf05baeef5ca3 () because there is no inbound link for it
1:M 28 Jul 2026 02:31:07.583 * Successfully completed handshake with b478f80dab953e9c2b150f692a5bf05baeef5ca3 ()
1:M 28 Jul 2026 02:31:07.619 * Freeing outbound link to node a106173d75a7c194fc248d3b52e4b033f6c3ce81 () after receiving a MEET packet from this known node
1:M 28 Jul 2026 02:31:07.683 * Sending MEET packet to node eb1adddd867d0abf5057c145297088713e01ff60 () because there is no inbound link for it
1:M 28 Jul 2026 02:31:07.683 * Sending MEET packet to node b1a8885405e9f0cf0198ac3b59cc78334655951e () because there is no inbound link for it
1:M 28 Jul 2026 02:31:07.684 * Successfully completed handshake with eb1adddd867d0abf5057c145297088713e01ff60 ()
1:M 28 Jul 2026 02:31:07.684 * Successfully completed handshake with b1a8885405e9f0cf0198ac3b59cc78334655951e ()
1:M 28 Jul 2026 02:31:07.876 * Freeing outbound link to node d14a79794e64afb37a60bedbfc01bbd3e7b8a762 () after receiving a MEET packet from this known node
1:M 28 Jul 2026 02:31:07.903 * Freeing outbound link to node 59f20449ceca23f95676b637ee019862bf57e3e8 () after receiving a MEET packet from this known node
1:M 28 Jul 2026 02:31:07.904 * Freeing outbound link to node 11206996aa4fcb134fc1450c61e1b77fd1554313 () after receiving a MEET packet from this known node
1:M 28 Jul 2026 02:31:07.944 * Node a3998998af2d03552bbd766206c5fd7ec8144f26 () is no longer primary of shard 60d688ef3334578c6e83c324ce0de3baa6217e47; removed all 0 slot(s) it used to own
1:M 28 Jul 2026 02:31:07.944 * Node a3998998af2d03552bbd766206c5fd7ec8144f26 () is now part of shard cf4c4ae80787b5a48ceaad9efa4119b804987db3
1:M 28 Jul 2026 02:31:07.944 * Node a3998998af2d03552bbd766206c5fd7ec8144f26 () is now a replica of node dce92a45cc533ba31aedb4cae4901f7a6f0ca9f6 () in shard cf4c4ae80787b5a48ceaad9efa4119b804987db3
1:M 28 Jul 2026 02:31:07.980 * Node b478f80dab953e9c2b150f692a5bf05baeef5ca3 () is no longer primary of shard 04422eb2956ec038a08e738f8d8a293cec6a0141; removed all 0 slot(s) it used to own
1:M 28 Jul 2026 02:31:07.980 * Node b478f80dab953e9c2b150f692a5bf05baeef5ca3 () is now part of shard ebda520828bde86096e0ba5d50909d6468dfbfd9
1:M 28 Jul 2026 02:31:07.980 * Node b478f80dab953e9c2b150f692a5bf05baeef5ca3 () is now a replica of node d2b987762bd0686a5d0102a9803ef96cb103ff9c () in shard ebda520828bde86096e0ba5d50909d6468dfbfd9
1:M 28 Jul 2026 02:31:07.980 * Node 8c831b56cb28e2433afd6a639b779f7cf73a8ecb () is no longer primary of shard c4c0162eaedcb56f1c779fcb6537d617d04d1491; removed all 0 slot(s) it used to own
1:M 28 Jul 2026 02:31:07.980 * Node 8c831b56cb28e2433afd6a639b779f7cf73a8ecb () is now part of shard 29614ee19ea1b84d720c76dc2f0412b174d3b6d6
1:M 28 Jul 2026 02:31:07.980 * Node 8c831b56cb28e2433afd6a639b779f7cf73a8ecb () is now a replica of node 718d830c262a23ffeb38e0f8f886b8a7639a7c0d () in shard 29614ee19ea1b84d720c76dc2f0412b174d3b6d6
1:M 28 Jul 2026 02:31:07.980 * Node 51a1d3fa100e443bcf207bc815881cb1da0ffa6f () is no longer primary of shard c5e2fe466842293bfde9c0af1522aa89ab1c4b5f; removed all 0 slot(s) it used to own
1:M 28 Jul 2026 02:31:07.980 * Node 51a1d3fa100e443bcf207bc815881cb1da0ffa6f () is now part of shard 94a412ad143eeff2a3200cdb52f5488a5bf43e3f
1:M 28 Jul 2026 02:31:07.980 * Node 51a1d3fa100e443bcf207bc815881cb1da0ffa6f () is now a replica of node 75ec0e6e491ea57ba462e81c2b73d9524dd3339a () in shard 94a412ad143eeff2a3200cdb52f5488a5bf43e3f
1:M 28 Jul 2026 02:31:08.028 * Node 57681be645364799c435291e3e6f970c6efc47c8 () is no longer primary of shard 3690b94bf70b7a66d529ae6e8510086828f930df; removed all 0 slot(s) it used to own
1:M 28 Jul 2026 02:31:08.028 * Node 57681be645364799c435291e3e6f970c6efc47c8 () is now part of shard 8f41191bb0b54a0150d6d76fef5a54e15692409d
1:M 28 Jul 2026 02:31:08.028 * Node 57681be645364799c435291e3e6f970c6efc47c8 () is now a replica of node 3dcea49aecc401816c6f32f070029fea63cda28b () in shard 8f41191bb0b54a0150d6d76fef5a54e15692409d
1:M 28 Jul 2026 02:31:08.085 * Freeing outbound link to node 3ddb1fe2068972118cc55983341295f829d715cc () after receiving a MEET packet from this known node
1:M 28 Jul 2026 02:31:08.085 * Node f2a5d1ec510a03b3fab9a1361f64dae29e354e1f () is no longer primary of shard 395eb5e01a4772a3f324a02d590fe8da1e8e4ab6; removed all 0 slot(s) it used to own
1:M 28 Jul 2026 02:31:08.085 * Node f2a5d1ec510a03b3fab9a1361f64dae29e354e1f () is now part of shard d14734748c2c4e4d5b304c8601e83923ea7bd946
1:M 28 Jul 2026 02:31:08.085 * Node f2a5d1ec510a03b3fab9a1361f64dae29e354e1f () is now a replica of node 6ef8138d923af73cd9b5795e2e159369dc7576e6 () in shard d14734748c2c4e4d5b304c8601e83923ea7bd946
1:M 28 Jul 2026 02:31:08.187 * Node 2d8b55da5144619791c671bb8cf5a3d093c40075 () is no longer primary of shard 8cfbb7bb165ea938d847be6f3dba08794ab404c8; removed all 0 slot(s) it used to own
1:M 28 Jul 2026 02:31:08.187 * Node 2d8b55da5144619791c671bb8cf5a3d093c40075 () is now part of shard 6f467ef0153aa586d0c1b95a034f2225e6cbdf41
1:M 28 Jul 2026 02:31:08.187 * Node 2d8b55da5144619791c671bb8cf5a3d093c40075 () is now a replica of node 7af12c56dbaf453a90eac4308c0381e6e523be17 () in shard 6f467ef0153aa586d0c1b95a034f2225e6cbdf41
1:M 28 Jul 2026 02:31:08.282 * Node f02f87bd9ea39554aa33d0d2801e1a37deac18cb () is no longer primary of shard 95357b5a78d3970ca1172d6218e87ab73dc2a10c; removed all 0 slot(s) it used to own
1:M 28 Jul 2026 02:31:08.282 * Node f02f87bd9ea39554aa33d0d2801e1a37deac18cb () is now part of shard f49d9c04ce857c2fed32aaf23ba52fff7946876c
1:M 28 Jul 2026 02:31:08.282 * Node f02f87bd9ea39554aa33d0d2801e1a37deac18cb () is now a replica of node 297f19bae932c1c3cbbe8c49309e0a0299329f7c () in shard f49d9c04ce857c2fed32aaf23ba52fff7946876c
1:M 28 Jul 2026 02:31:08.333 * Node c7297d8cbb3bb11b7e1abdbb5c48637723565737 () is no longer primary of shard 29085a7a37c340305a477e511352a6011d5ebbf4; removed all 0 slot(s) it used to own
1:M 28 Jul 2026 02:31:08.338 * Node c7297d8cbb3bb11b7e1abdbb5c48637723565737 () is now part of shard 32c43e406be2d2088928e6a26097849163186bed
1:M 28 Jul 2026 02:31:08.339 * Node c7297d8cbb3bb11b7e1abdbb5c48637723565737 () is now a replica of node 136b3659d7015aa6d3740a2c7a9414e9e693d991 () in shard 32c43e406be2d2088928e6a26097849163186bed
1:M 28 Jul 2026 02:31:08.359 * Node 485ac6326fa59e17338be9595a2c7e20de7496b6 () is no longer primary of shard 921dd1415ff94e5b2057887e45675fbe3c512a39; removed all 0 slot(s) it used to own
1:M 28 Jul 2026 02:31:08.359 * Node 485ac6326fa59e17338be9595a2c7e20de7496b6 () is now part of shard 4069140c9f67c9976bce714778abd30231af496c
1:M 28 Jul 2026 02:31:08.359 * Node 485ac6326fa59e17338be9595a2c7e20de7496b6 () is now a replica of node 11206996aa4fcb134fc1450c61e1b77fd1554313 () in shard 4069140c9f67c9976bce714778abd30231af496c
1:M 28 Jul 2026 02:31:08.408 * Node 8f01fa1ac060f63a1e1e6f38deb5b3aa4966c4ba () is no longer primary of shard ccaa9afcc86489f07351648e514c4651e787cd40; removed all 0 slot(s) it used to own
1:M 28 Jul 2026 02:31:08.408 * Node 8f01fa1ac060f63a1e1e6f38deb5b3aa4966c4ba () is now part of shard e7a548fb030fdd770e86255cfa22d209e82e7461
1:M 28 Jul 2026 02:31:08.408 * Node 8f01fa1ac060f63a1e1e6f38deb5b3aa4966c4ba () is now a replica of node 91462d5c46d4f689c816acbd1bafc885d719ebdf () in shard e7a548fb030fdd770e86255cfa22d209e82e7461
1:M 28 Jul 2026 02:31:08.408 * Node 19267d63c5c3b034be62452b739e693f976246e8 () is no longer primary of shard 67efefcb91c2b02c632a4387da60272ae620dc32; removed all 0 slot(s) it used to own
1:M 28 Jul 2026 02:31:08.408 * Node 19267d63c5c3b034be62452b739e693f976246e8 () is now part of shard 6ecb2c2cc9a06793d78f2c3cff9f12b5da9b04ca
1:M 28 Jul 2026 02:31:08.408 * Node 19267d63c5c3b034be62452b739e693f976246e8 () is now a replica of node 1377c162e23ebb1d1968d56982381297190b12f0 () in shard 6ecb2c2cc9a06793d78f2c3cff9f12b5da9b04ca
1:M 28 Jul 2026 02:31:08.444 * Node 32de53c275041a32b70fa3a1a78909a5dbc79f31 () is no longer primary of shard e1357d41965e53dcb3ccfc4ebe1e178392d4fc8c; removed all 0 slot(s) it used to own
1:M 28 Jul 2026 02:31:08.444 * Node 32de53c275041a32b70fa3a1a78909a5dbc79f31 () is now part of shard b10989c487841bfc8f5a00be639d039a9586acb6
1:M 28 Jul 2026 02:31:08.444 * Node 32de53c275041a32b70fa3a1a78909a5dbc79f31 () is now a replica of node f68002154c31f604c6c390b71ca5de140dd52fd9 () in shard b10989c487841bfc8f5a00be639d039a9586acb6
1:M 28 Jul 2026 02:31:08.444 * Node a9847f0b7ddd80dd39278494af56404062388804 () is no longer primary of shard 96d8b8579262eb944e84a61ad92fed05726d9b0a; removed all 0 slot(s) it used to own
1:M 28 Jul 2026 02:31:08.444 * Node a9847f0b7ddd80dd39278494af56404062388804 () is now part of shard 4287c9090d6e645b3a3e2a89f25b014df6112693
1:M 28 Jul 2026 02:31:08.444 * Node a9847f0b7ddd80dd39278494af56404062388804 () is now a replica of node 84cc001a0a60b9cc353c6373885b9a4df2bf0c05 () in shard 4287c9090d6e645b3a3e2a89f25b014df6112693
1:M 28 Jul 2026 02:31:08.494 * Node af9224f6c6b3997f3174cb05a62c89ceaf03f742 () is no longer primary of shard 10d8a007b91e79b279753607232c5bcb0436cadd; removed all 0 slot(s) it used to own
1:M 28 Jul 2026 02:31:08.494 * Node af9224f6c6b3997f3174cb05a62c89ceaf03f742 () is now part of shard 3fdf54b1dfe8dba6e6be0f11f8e66729901e5f15
1:M 28 Jul 2026 02:31:08.494 * Node af9224f6c6b3997f3174cb05a62c89ceaf03f742 () is now a replica of node eda04462ed7666bbfa913d5cd2a069e5c18edc4b () in shard 3fdf54b1dfe8dba6e6be0f11f8e66729901e5f15
1:M 28 Jul 2026 02:31:08.537 * Node 81487c0f773ac8ae9815f23483de9a68c9fe2906 () is no longer primary of shard 7e580cc2b37c1b3deca4917ed02c00743d85b206; removed all 0 slot(s) it used to own
1:M 28 Jul 2026 02:31:08.537 * Node 81487c0f773ac8ae9815f23483de9a68c9fe2906 () is now part of shard b8a9c44ceb30b3179a7bc251382b3d62180165cd
1:M 28 Jul 2026 02:31:08.537 * Node 81487c0f773ac8ae9815f23483de9a68c9fe2906 () is now a replica of node 4c3b73d091cba61cccbf9ec390d61d8c32c3be53 () in shard b8a9c44ceb30b3179a7bc251382b3d62180165cd
1:M 28 Jul 2026 02:31:08.556 * Node f07490d8cb6a2bc75b9066139bf4fcf7c004bed8 () is no longer primary of shard 78bde813f2f88fb692e43d566aa3c1009fd0c27c; removed all 0 slot(s) it used to own
1:M 28 Jul 2026 02:31:08.558 * Node f07490d8cb6a2bc75b9066139bf4fcf7c004bed8 () is now part of shard 87894ddbdc93b64b7eb9f878942726b6766e8200
1:M 28 Jul 2026 02:31:08.558 * Node f07490d8cb6a2bc75b9066139bf4fcf7c004bed8 () is now a replica of node d6b970fb996252a329b28befa5da9b3a0de5cbd6 () in shard 87894ddbdc93b64b7eb9f878942726b6766e8200
1:M 28 Jul 2026 02:31:08.587 * Node 77e576d14f53cacc8b413c32ef73a4748ed72c35 () is no longer primary of shard b952143726648b74595a2067414d71c1f6211531; removed all 0 slot(s) it used to own
1:M 28 Jul 2026 02:31:08.587 * Node 77e576d14f53cacc8b413c32ef73a4748ed72c35 () is now part of shard 075375405e6538e3228a69dad58ae899c500ace3
1:M 28 Jul 2026 02:31:08.587 * Node 77e576d14f53cacc8b413c32ef73a4748ed72c35 () is now a replica of node f6625cba8c046b6d1bb994e59d8b1d24054f53c8 () in shard 075375405e6538e3228a69dad58ae899c500ace3
1:M 28 Jul 2026 02:31:08.587 * Node e8ddc1fc4f148fccdf7188ebcab1251bca7d0b03 () is no longer primary of shard 99f6628a97f30f46dbea4a828727906c6179ae37; removed all 0 slot(s) it used to own
1:M 28 Jul 2026 02:31:08.587 * Node e8ddc1fc4f148fccdf7188ebcab1251bca7d0b03 () is now part of shard 9818cf0aab2d7a576d1c6f544769155117501059
1:M 28 Jul 2026 02:31:08.587 * Node e8ddc1fc4f148fccdf7188ebcab1251bca7d0b03 () is now a replica of node b3bda9ded66705c6f4ef9ec90165780261c9a774 () in shard 9818cf0aab2d7a576d1c6f544769155117501059
1:M 28 Jul 2026 02:31:08.609 * Node 9ca43c9a5b873f2f270d2f492af19fce1f1b0cab () is no longer primary of shard e72dacff6bec5e681b54df3a2e5672225018d975; removed all 0 slot(s) it used to own
1:M 28 Jul 2026 02:31:08.609 * Node 9ca43c9a5b873f2f270d2f492af19fce1f1b0cab () is now part of shard 5ac13db7c17aff53c6e53259cf1562c9616834b4
1:M 28 Jul 2026 02:31:08.609 * Node 9ca43c9a5b873f2f270d2f492af19fce1f1b0cab () is now a replica of node 2b8102351d06cb7da0724a18c835db8a8e689452 () in shard 5ac13db7c17aff53c6e53259cf1562c9616834b4
1:M 28 Jul 2026 02:31:08.627 * Node 25cbe30aa8f75982942e36df0cfbe6f1ba2f4fad () is no longer primary of shard 7ac9e7b2914217a0a8c2b70adf5b73b538887421; removed all 0 slot(s) it used to own
1:M 28 Jul 2026 02:31:08.627 * Node 25cbe30aa8f75982942e36df0cfbe6f1ba2f4fad () is now part of shard acf022a55590d83c45583a7a6d78a3b7a94983cb
1:M 28 Jul 2026 02:31:08.627 * Node 25cbe30aa8f75982942e36df0cfbe6f1ba2f4fad () is now a replica of node d14a79794e64afb37a60bedbfc01bbd3e7b8a762 () in shard acf022a55590d83c45583a7a6d78a3b7a94983cb
1:M 28 Jul 2026 02:31:08.648 * Node d7ddb529bcc2d193d8662f4f3978f20ae3a31a1c () is no longer primary of shard 6583d207d01334f6d1ed53d1066b92ca4d89ea61; removed all 0 slot(s) it used to own
1:M 28 Jul 2026 02:31:08.648 * Node d7ddb529bcc2d193d8662f4f3978f20ae3a31a1c () is now part of shard 4e40fb3f236d65514aba4a9ddc33f48e8c79ddf3
1:M 28 Jul 2026 02:31:08.648 * Node d7ddb529bcc2d193d8662f4f3978f20ae3a31a1c () is now a replica of node 897f4d19f1411bd802339b82af8f53346ffe7b4d () in shard 4e40fb3f236d65514aba4a9ddc33f48e8c79ddf3
1:M 28 Jul 2026 02:31:08.670 * Node e8288695c5a593fe5a0c11c47d868354a88051cc () is no longer primary of shard 7a710711d859617254f2345224235c0ea914fd69; removed all 0 slot(s) it used to own
1:M 28 Jul 2026 02:31:08.670 * Node e8288695c5a593fe5a0c11c47d868354a88051cc () is now part of shard 9b5960f4283de70a25b57c7196754e60a62a4da5
1:M 28 Jul 2026 02:31:08.670 * Node e8288695c5a593fe5a0c11c47d868354a88051cc () is now a replica of node 8ff391cde62ac35da285a880fe39c0040ae55297 () in shard 9b5960f4283de70a25b57c7196754e60a62a4da5
1:M 28 Jul 2026 02:31:08.726 * Node b1a8885405e9f0cf0198ac3b59cc78334655951e () is no longer primary of shard 66277803c5cf69bf978ed89994ad0c237ff7169a; removed all 0 slot(s) it used to own
1:M 28 Jul 2026 02:31:08.726 * Node b1a8885405e9f0cf0198ac3b59cc78334655951e () is now part of shard dff3179cfe139682dd5b35c7580a93d24d27c3dd
1:M 28 Jul 2026 02:31:08.726 * Node b1a8885405e9f0cf0198ac3b59cc78334655951e () is now a replica of node d7596d758dd12949a868078140cfade9aa56cd80 () in shard dff3179cfe139682dd5b35c7580a93d24d27c3dd
1:M 28 Jul 2026 02:31:08.762 * Node 3409cbd8762fc86a9abc1ece82b14c30b5732e86 () is no longer primary of shard 05daa1f3d7ab4bc1be030f59c2c0c7b9ec4e1e51; removed all 0 slot(s) it used to own
1:M 28 Jul 2026 02:31:08.762 * Node 3409cbd8762fc86a9abc1ece82b14c30b5732e86 () is now part of shard d17da985b5a58feed4de8b384d83fb1222722938
1:M 28 Jul 2026 02:31:08.762 * Node 3409cbd8762fc86a9abc1ece82b14c30b5732e86 () is now a replica of node 53aab6310f61f156758427c2a67c74b51cfc2887 () in shard d17da985b5a58feed4de8b384d83fb1222722938
1:M 28 Jul 2026 02:31:08.793 * Node 497f5f2c03c9ba85762ac4b45e875f57d0e2274d () is no longer primary of shard ca0774933d961a5ca669e0c96e434a9ac04aa715; removed all 0 slot(s) it used to own
1:M 28 Jul 2026 02:31:08.793 * Node 497f5f2c03c9ba85762ac4b45e875f57d0e2274d () is now part of shard 1f1730c03293666312fb6e2e8370621227fb9332
1:M 28 Jul 2026 02:31:08.793 * Node 497f5f2c03c9ba85762ac4b45e875f57d0e2274d () is now a replica of node a1e96ea2f4ab5bb2b439c0d709e7f1229d4867d0 () in shard 1f1730c03293666312fb6e2e8370621227fb9332
1:M 28 Jul 2026 02:31:08.793 * Node 3231ee2d6ed1cebbca42e3bb7ba3f492c800c1c0 () is no longer primary of shard d9a07871045973ae6afa12e77e3315ef37280cc9; removed all 0 slot(s) it used to own
1:M 28 Jul 2026 02:31:08.793 * Node 3231ee2d6ed1cebbca42e3bb7ba3f492c800c1c0 () is now part of shard 0d19a7e08628c7684c371051c5e042cb703632e4
1:M 28 Jul 2026 02:31:08.793 * Node 3231ee2d6ed1cebbca42e3bb7ba3f492c800c1c0 () is now a replica of node 043cb3eaf2dce8760506fd276cd505289f8349cc () in shard 0d19a7e08628c7684c371051c5e042cb703632e4
1:M 28 Jul 2026 02:31:08.861 * Node 782c0dac7de57b958337a52ff780be56f96cc9ab () is no longer primary of shard 5860698bd95e56f4fe69b3ed31884da4f666c2ca; removed all 0 slot(s) it used to own
1:M 28 Jul 2026 02:31:08.861 * Node 782c0dac7de57b958337a52ff780be56f96cc9ab () is now part of shard e687edbcab379eb06397d144fd22d9f0d8b21133
1:M 28 Jul 2026 02:31:08.861 * Node 782c0dac7de57b958337a52ff780be56f96cc9ab () is now a replica of node a0a21655d6a1ae1d56717571598f731d815ec22c () in shard e687edbcab379eb06397d144fd22d9f0d8b21133
1:M 28 Jul 2026 02:31:08.861 * Node 1f729d497177a475cad5ff227b6b52c03393b2e3 () is no longer primary of shard 6220e3c9c79bba148058be893c5bcfee28a7fc28; removed all 0 slot(s) it used to own
1:M 28 Jul 2026 02:31:08.861 * Node 1f729d497177a475cad5ff227b6b52c03393b2e3 () is now part of shard 2213ac2bc62566111f055dc88b4c15b0638ed1af
1:M 28 Jul 2026 02:31:08.861 * Node 1f729d497177a475cad5ff227b6b52c03393b2e3 () is now a replica of node d7781ef484f388b3b6d54912e5fdefe9391ca53b () in shard 2213ac2bc62566111f055dc88b4c15b0638ed1af
1:M 28 Jul 2026 02:31:08.896 * Node 26157fdb9cdd79e00740e39a03c7e2dd298a42d6 () is no longer primary of shard 1987674bf45e111b51282078e5e039689468fcc4; removed all 0 slot(s) it used to own
1:M 28 Jul 2026 02:31:08.896 * Node 26157fdb9cdd79e00740e39a03c7e2dd298a42d6 () is now part of shard 4afe26041db6af568b81298ed1b5dddd91d2928e
1:M 28 Jul 2026 02:31:08.896 * Node 26157fdb9cdd79e00740e39a03c7e2dd298a42d6 () is now a replica of node 1b42b1b2814cd4cdf845c58d3dee8b06bdc1e2fa () in shard 4afe26041db6af568b81298ed1b5dddd91d2928e
1:M 28 Jul 2026 02:31:08.936 * Node a34f88b3c0a2a77332e1b336f504dddc627aede4 () is no longer primary of shard 917a44e6e7b67480fbdd42a55b3eb69cd0377fe4; removed all 0 slot(s) it used to own
1:M 28 Jul 2026 02:31:08.936 * Node a34f88b3c0a2a77332e1b336f504dddc627aede4 () is now part of shard 96ebe13015200e2f82feb484ad7b630fd12ad1e2
1:M 28 Jul 2026 02:31:08.936 * Node a34f88b3c0a2a77332e1b336f504dddc627aede4 () is now a replica of node 3e8507f76ce24e3c05b1773367229e46dbd6b9e4 () in shard 96ebe13015200e2f82feb484ad7b630fd12ad1e2
1:M 28 Jul 2026 02:31:08.965 * Node 59f20449ceca23f95676b637ee019862bf57e3e8 () is no longer primary of shard 445acf1d9138c3aa33981472c9c9d5d56f5bc414; removed all 0 slot(s) it used to own
1:M 28 Jul 2026 02:31:08.965 * Node 59f20449ceca23f95676b637ee019862bf57e3e8 () is now part of shard 5b6eb6a0ef7b13eb273dcd0adac280a6b2f15b09
1:M 28 Jul 2026 02:31:08.965 * Node 59f20449ceca23f95676b637ee019862bf57e3e8 () is now a replica of node 5427d443812b4875185e1be099e7ec3196bd9e55 () in shard 5b6eb6a0ef7b13eb273dcd0adac280a6b2f15b09
1:M 28 Jul 2026 02:31:09.016 * Node 5bc3cdb4dd2707e60a01d8dcfdfddcb492d1cdcf () is no longer primary of shard 813141af14a41602cf90368b8df766062fdc5c61; removed all 0 slot(s) it used to own
1:M 28 Jul 2026 02:31:09.016 * Node 5bc3cdb4dd2707e60a01d8dcfdfddcb492d1cdcf () is now part of shard 5c5732fd3b1f55735ce84e335492b3e026a0db43
1:M 28 Jul 2026 02:31:09.016 * Node 5bc3cdb4dd2707e60a01d8dcfdfddcb492d1cdcf () is now a replica of node d82cfaa3d55f79b9be1bfd2a8a3b9c205545cf3c () in shard 5c5732fd3b1f55735ce84e335492b3e026a0db43
1:M 28 Jul 2026 02:31:09.028 * Node c07bd78cbc3ba30f36cfaf78b5305485eb5cc0ec () is no longer primary of shard 22a55036f9faf45d09d8d3e9ec55160f8ff522c5; removed all 0 slot(s) it used to own
1:M 28 Jul 2026 02:31:09.028 * Node c07bd78cbc3ba30f36cfaf78b5305485eb5cc0ec () is now part of shard ed38d124e0509d98c13129a4b1a513315eb0f63e
1:M 28 Jul 2026 02:31:09.028 * Node c07bd78cbc3ba30f36cfaf78b5305485eb5cc0ec () is now a replica of node 9af6004abaae9fca1446b47c324adcdb70e5a493 () in shard ed38d124e0509d98c13129a4b1a513315eb0f63e
1:M 28 Jul 2026 02:31:09.064 * Node 535f95685df0883fd0c118fc44a09655fe0570ad () is no longer primary of shard c7a7afbc31240b21ddeae09e54d6bf957ee70b02; removed all 0 slot(s) it used to own
1:M 28 Jul 2026 02:31:09.064 * Node 535f95685df0883fd0c118fc44a09655fe0570ad () is now part of shard 7fcfb0caf9d26d28580b9ae161ebe57c99fce995
1:M 28 Jul 2026 02:31:09.064 * Node 535f95685df0883fd0c118fc44a09655fe0570ad () is now a replica of node b89efb2979df9746755510be7f43f627833d2e80 () in shard 7fcfb0caf9d26d28580b9ae161ebe57c99fce995
1:M 28 Jul 2026 02:31:09.086 * Node 3895c34265422f7dcf5c4ec6decdb10791e812d7 () is no longer primary of shard c099a29e6cb79de550981acb394966c7101cb067; removed all 0 slot(s) it used to own
1:M 28 Jul 2026 02:31:09.086 * Node 3895c34265422f7dcf5c4ec6decdb10791e812d7 () is now part of shard 54722357347eabd60b46e009cb824e819c639b5f
1:M 28 Jul 2026 02:31:09.086 * Node 3895c34265422f7dcf5c4ec6decdb10791e812d7 () is now a replica of node 4861be930809bc8dcd53f03e268f7a44b9371d35 () in shard 54722357347eabd60b46e009cb824e819c639b5f
1:M 28 Jul 2026 02:31:09.141 * Node 45690b52f7d2661fa983771a9cc9367851f84ee5 () is no longer primary of shard 4d0fae4ab63aa95d80198a9eac497eb1ff757373; removed all 0 slot(s) it used to own
1:M 28 Jul 2026 02:31:09.141 * Node 45690b52f7d2661fa983771a9cc9367851f84ee5 () is now part of shard fcd4b79d1fb01fed39ae28558a0e74dd481b1fc3
1:M 28 Jul 2026 02:31:09.141 * Node 45690b52f7d2661fa983771a9cc9367851f84ee5 () is now a replica of node a106173d75a7c194fc248d3b52e4b033f6c3ce81 () in shard fcd4b79d1fb01fed39ae28558a0e74dd481b1fc3
1:M 28 Jul 2026 02:31:09.163 * Node bb8051f01b5d85c21e5f310bd9f3b6abeeefe9e2 () is no longer primary of shard 13ca6257244b98b906319656750920686e0221e4; removed all 0 slot(s) it used to own
1:M 28 Jul 2026 02:31:09.163 * Node bb8051f01b5d85c21e5f310bd9f3b6abeeefe9e2 () is now part of shard 3cbe77684b1375f000de2be14bd567fd43813bb0
1:M 28 Jul 2026 02:31:09.163 * Node bb8051f01b5d85c21e5f310bd9f3b6abeeefe9e2 () is now a replica of node ae7cf753f52f7384bc1084c5adeb691572b27869 () in shard 3cbe77684b1375f000de2be14bd567fd43813bb0
1:M 28 Jul 2026 02:31:09.209 * Node dbcf7735aa4d7cb71d6a05045da14a06a90a3537 () is no longer primary of shard 06ad0b6fca9978fb01c64f33a130746032cbdb2d; removed all 0 slot(s) it used to own
1:M 28 Jul 2026 02:31:09.209 * Node dbcf7735aa4d7cb71d6a05045da14a06a90a3537 () is now part of shard ff2088e9463bddb05136636a9b3d2e6922470d34
1:M 28 Jul 2026 02:31:09.209 * Node dbcf7735aa4d7cb71d6a05045da14a06a90a3537 () is now a replica of node b17d42107957413c3afa216b0fd2a40efd894914 () in shard ff2088e9463bddb05136636a9b3d2e6922470d34
1:S 28 Jul 2026 02:31:09.209 * Connecting to PRIMARY 127.0.0.1:43007
1:S 28 Jul 2026 02:31:09.209 * PRIMARY <-> REPLICA sync started
1:S 28 Jul 2026 02:31:09.209 * Node ca1c92679341c847bd24a1baf020f3931146dede () is no longer primary of shard 8ea30d86694672a7c5cdbdd9fbf47ccc35677fbe; removed all 0 slot(s) it used to own
1:S 28 Jul 2026 02:31:09.210 * Node ca1c92679341c847bd24a1baf020f3931146dede () is now part of shard d062b5ab2273b1ec1dc918821b70c481da4173d7
1:S 28 Jul 2026 02:31:09.210 * Node ca1c92679341c847bd24a1baf020f3931146dede () is now a replica of node aa34ea70a67865b6e155de387193f9bad86e88ad () in shard d062b5ab2273b1ec1dc918821b70c481da4173d7
1:S 28 Jul 2026 02:31:09.232 * Non blocking connect for SYNC fired the event.
1:S 28 Jul 2026 02:31:09.289 * Node 97300f8818bb1b33a6e5c8897ee75dc67c1b431d () is no longer primary of shard ddc2eb38eaa9b2f06d0a739ee04ba0fd8c5823c9; removed all 0 slot(s) it used to own
1:S 28 Jul 2026 02:31:09.289 * Node 97300f8818bb1b33a6e5c8897ee75dc67c1b431d () is now part of shard a6a7a2c30ed57bd3aedd78380bdda290c99301d0
1:S 28 Jul 2026 02:31:09.289 * Node 97300f8818bb1b33a6e5c8897ee75dc67c1b431d () is now a replica of node af2c78fadbd09497d85d42a74fceb01b80950ed7 () in shard a6a7a2c30ed57bd3aedd78380bdda290c99301d0
1:S 28 Jul 2026 02:31:09.339 * Node c0a5722dac9e1423a04ebf655541420084ae8b4b () is no longer primary of shard 2104da0e3727f93be421ec4e3d7200d54e94fc23; removed all 0 slot(s) it used to own
1:S 28 Jul 2026 02:31:09.339 * Node c0a5722dac9e1423a04ebf655541420084ae8b4b () is now part of shard 4d3be97075c54072c232fb80bc17d3cee950f0af
1:S 28 Jul 2026 02:31:09.339 * Node c0a5722dac9e1423a04ebf655541420084ae8b4b () is now a replica of node 3ddb1fe2068972118cc55983341295f829d715cc () in shard 4d3be97075c54072c232fb80bc17d3cee950f0af
1:S 28 Jul 2026 02:31:09.339 * Node 56e31b46022430fc0432bf9eb84f76367ee78d29 () is no longer primary of shard 3b9f2d143511d81c7be06dbb50da607a3276296e; removed all 0 slot(s) it used to own
1:S 28 Jul 2026 02:31:09.339 * Node 56e31b46022430fc0432bf9eb84f76367ee78d29 () is now part of shard 2545989db1289eb45d89d68b7d8b4934033076a0
1:S 28 Jul 2026 02:31:09.339 * Node 56e31b46022430fc0432bf9eb84f76367ee78d29 () is now a replica of node 021ff45debda42c9d0c6ec4d38697756bc7282c9 () in shard 2545989db1289eb45d89d68b7d8b4934033076a0
1:S 28 Jul 2026 02:31:09.364 * Primary replied to PING, replication can continue...
1:S 28 Jul 2026 02:31:09.406 * Node 4c14979bf06ab5c5c3cf869f2ab3330e81c69fc8 () is no longer primary of shard a9cc3b0c759f453903f47af303f0a3af9324f1b6; removed all 0 slot(s) it used to own
1:S 28 Jul 2026 02:31:09.406 * Node 4c14979bf06ab5c5c3cf869f2ab3330e81c69fc8 () is now part of shard 781de74fc9433d569412373fa62daba430f16466
1:S 28 Jul 2026 02:31:09.406 * Node 4c14979bf06ab5c5c3cf869f2ab3330e81c69fc8 () is now a replica of node 240468e94b853b3840656169a90180cbb8320045 () in shard 781de74fc9433d569412373fa62daba430f16466
1:S 28 Jul 2026 02:31:09.406 * Node 2a25af3783aae4da6f874f2529630bbd65d4a366 () is no longer primary of shard 6b5dc2a17cdfb8e20ca1ea0788fb11d9aacf235b; removed all 0 slot(s) it used to own
1:S 28 Jul 2026 02:31:09.406 * Node 2a25af3783aae4da6f874f2529630bbd65d4a366 () is now part of shard f7c458fa6aabcd9d74fb4ae59a4a7876357e1d20
1:S 28 Jul 2026 02:31:09.406 * Node 2a25af3783aae4da6f874f2529630bbd65d4a366 () is now a replica of node 66b22648b675bd3ba177c193c35be786d2a59ebb () in shard f7c458fa6aabcd9d74fb4ae59a4a7876357e1d20
1:S 28 Jul 2026 02:31:09.406 * Node c971aa1d062b0939c6a377fdacd774f6cfd3f5c6 () is no longer primary of shard e15e2599ca2f76af48310df38baffb3911ca72cb; removed all 0 slot(s) it used to own
1:S 28 Jul 2026 02:31:09.406 * Node c971aa1d062b0939c6a377fdacd774f6cfd3f5c6 () is now part of shard 765307815d3def2cbc18aba6936aefa372ae660b
1:S 28 Jul 2026 02:31:09.406 * Node c971aa1d062b0939c6a377fdacd774f6cfd3f5c6 () is now a replica of node 3254898e3777ca0d91b820709852d139713cff04 () in shard 765307815d3def2cbc18aba6936aefa372ae660b
1:S 28 Jul 2026 02:31:09.437 * Partial resynchronization not possible (no cached primary)
1:S 28 Jul 2026 02:31:09.444 * Node eb1adddd867d0abf5057c145297088713e01ff60 () is no longer primary of shard 05fb2a3f5eeb164ba1d28275373ed4287a3d4d2d; removed all 0 slot(s) it used to own
1:S 28 Jul 2026 02:31:09.444 * Node eb1adddd867d0abf5057c145297088713e01ff60 () is now part of shard 11c3bba5a76fb49eab79dc65a5350bc1c3831cc3
1:S 28 Jul 2026 02:31:09.444 * Node eb1adddd867d0abf5057c145297088713e01ff60 () is now a replica of node 8680331d5f51caf2640170260bddd0f2ba300682 () in shard 11c3bba5a76fb49eab79dc65a5350bc1c3831cc3
1:S 28 Jul 2026 02:31:09.469 * Node 750d0d274daeb523c13bc398f9db981451ca4d74 () is no longer primary of shard 34dcdf996680e096569ad2330c4dcd7ccba7be8d; removed all 0 slot(s) it used to own
1:S 28 Jul 2026 02:31:09.469 * Node 750d0d274daeb523c13bc398f9db981451ca4d74 () is now part of shard f759289807839578713497843a5e0e2b7100e2bb
1:S 28 Jul 2026 02:31:09.469 * Node 750d0d274daeb523c13bc398f9db981451ca4d74 () is now a replica of node 47332c36b84f555b239fdaa5c549b52936b2240b () in shard f759289807839578713497843a5e0e2b7100e2bb
1:S 28 Jul 2026 02:31:09.525 * Node 4abc87c900864bc266d53d245e18cf923546f546 () is no longer primary of shard 6a94cfb28db4212957dd765d1366fb0c23bb9ced; removed all 0 slot(s) it used to own
1:S 28 Jul 2026 02:31:09.525 * Node 4abc87c900864bc266d53d245e18cf923546f546 () is now part of shard e1f06c898fa17e1976b4b452dd7c865b6afc76b1
1:S 28 Jul 2026 02:31:09.525 * Node 4abc87c900864bc266d53d245e18cf923546f546 () is now a replica of node 9865788c3cf3d5f80a9c0e012e6b78d21241598d () in shard e1f06c898fa17e1976b4b452dd7c865b6afc76b1
1:S 28 Jul 2026 02:31:14.564 * Full resync from primary: fbf1f00146a378d41f85afa8392786d1a3ef75e7:14
1:S 28 Jul 2026 02:31:14.565 * Replica main thread creating Bio thread to save RDB to disk
1:S 28 Jul 2026 02:31:14.565 * Replica bio thread: PRIMARY <-> REPLICA sync: receiving streamed RDB from primary with EOF to disk
1:S 28 Jul 2026 02:31:14.565 * Replica bio thread: Done downloading RDB
1:S 28 Jul 2026 02:31:15.510 * Replica main thread detected RDB download completion in Bio thread
1:S 28 Jul 2026 02:31:15.510 * Loading the RDB and finalizing primary-replica sync...
1:S 28 Jul 2026 02:31:15.511 * PRIMARY <-> REPLICA sync: Flushing old data
1:S 28 Jul 2026 02:31:15.513 * PRIMARY <-> REPLICA sync: Loading DB in memory
1:S 28 Jul 2026 02:31:15.513 * Cleaning slot migration log in anticipation of a load operation.
1:S 28 Jul 2026 02:31:15.513 * Loading RDB produced by Valkey version 9.0.5
1:S 28 Jul 2026 02:31:15.513 * RDB age 1 seconds
1:S 28 Jul 2026 02:31:15.513 * RDB memory usage when created 3.35 Mb
1:S 28 Jul 2026 02:31:15.513 * Done loading RDB, keys loaded: 0, keys expired: 0.
1:S 28 Jul 2026 02:31:15.513 * PRIMARY <-> REPLICA sync: Finished with success
1:S 28 Jul 2026 02:33:48.598 * Connection with primary lost.
1:S 28 Jul 2026 02:33:48.598 * Caching the disconnected primary state.
1:S 28 Jul 2026 02:33:48.598 * Reconnecting to PRIMARY 127.0.0.1:43007
1:S 28 Jul 2026 02:33:48.598 * PRIMARY <-> REPLICA sync started
1:S 28 Jul 2026 02:33:48.598 * Non blocking connect for SYNC fired the event.
1:S 28 Jul 2026 02:33:48.600 # Failed to read response from the server: Connection reset by peer
1:S 28 Jul 2026 02:33:48.813 * Connecting to PRIMARY 127.0.0.1:43007
1:S 28 Jul 2026 02:33:48.813 * PRIMARY <-> REPLICA sync started
1:S 28 Jul 2026 02:33:48.813 # Error condition on socket for SYNC: Connection refused
1:S 28 Jul 2026 02:33:49.826 * Connecting to PRIMARY 127.0.0.1:43007
1:S 28 Jul 2026 02:33:49.826 * PRIMARY <-> REPLICA sync started
1:S 28 Jul 2026 02:33:49.850 # Error condition on socket for SYNC: Connection refused
1:S 28 Jul 2026 02:33:50.850 * Connecting to PRIMARY 127.0.0.1:43007
1:S 28 Jul 2026 02:33:50.850 * PRIMARY <-> REPLICA sync started
1:S 28 Jul 2026 02:33:51.905 # Error condition on socket for SYNC: Connection refused
1:S 28 Jul 2026 02:33:52.901 * Connecting to PRIMARY 127.0.0.1:43007
1:S 28 Jul 2026 02:33:52.901 * PRIMARY <-> REPLICA sync started
1:S 28 Jul 2026 02:33:52.916 # Error condition on socket for SYNC: Connection refused
1:S 28 Jul 2026 02:33:53.611 * Sending MEET packet to node 13a930c01bffcb8daf5144ad671e3768dd678212 () because there is no inbound link for it
1:S 28 Jul 2026 02:33:53.611 * Sending MEET packet to node f6625cba8c046b6d1bb994e59d8b1d24054f53c8 () because there is no inbound link for it
1:S 28 Jul 2026 02:33:53.612 * Sending MEET packet to node 8ff391cde62ac35da285a880fe39c0040ae55297 () because there is no inbound link for it
1:S 28 Jul 2026 02:33:53.612 * Sending MEET packet to node 3254898e3777ca0d91b820709852d139713cff04 () because there is no inbound link for it
1:S 28 Jul 2026 02:33:53.612 * Sending MEET packet to node 9af6004abaae9fca1446b47c324adcdb70e5a493 () because there is no inbound link for it
1:S 28 Jul 2026 02:33:53.612 * Sending MEET packet to node a1e96ea2f4ab5bb2b439c0d709e7f1229d4867d0 () because there is no inbound link for it
1:S 28 Jul 2026 02:33:53.612 * Sending MEET packet to node aa34ea70a67865b6e155de387193f9bad86e88ad () because there is no inbound link for it
1:S 28 Jul 2026 02:33:53.612 * Sending MEET packet to node 66b22648b675bd3ba177c193c35be786d2a59ebb () because there is no inbound link for it
1:S 28 Jul 2026 02:33:53.719 * Sending MEET packet to node a0a21655d6a1ae1d56717571598f731d815ec22c () because there is no inbound link for it
1:S 28 Jul 2026 02:33:53.719 * Sending MEET packet to node d2b987762bd0686a5d0102a9803ef96cb103ff9c () because there is no inbound link for it
1:S 28 Jul 2026 02:33:53.719 * NODE 897f4d19f1411bd802339b82af8f53346ffe7b4d () possibly failing.
1:S 28 Jul 2026 02:33:53.922 * Connecting to PRIMARY 127.0.0.1:43007
1:S 28 Jul 2026 02:33:53.922 * PRIMARY <-> REPLICA sync started
1:S 28 Jul 2026 02:33:53.960 # Error condition on socket for SYNC: Connection refused
1:S 28 Jul 2026 02:33:54.024 * Sending MEET packet to node af2c78fadbd09497d85d42a74fceb01b80950ed7 () because there is no inbound link for it
1:S 28 Jul 2026 02:33:54.024 * Sending MEET packet to node 8680331d5f51caf2640170260bddd0f2ba300682 () because there is no inbound link for it
1:S 28 Jul 2026 02:33:54.024 * Sending MEET packet to node 2b8102351d06cb7da0724a18c835db8a8e689452 () because there is no inbound link for it
1:S 28 Jul 2026 02:33:54.640 * NODE 13a930c01bffcb8daf5144ad671e3768dd678212 () possibly failing.
1:S 28 Jul 2026 02:33:54.742 * NODE 8680331d5f51caf2640170260bddd0f2ba300682 () possibly failing.
1:S 28 Jul 2026 02:33:54.944 * Connecting to PRIMARY 127.0.0.1:43007
1:S 28 Jul 2026 02:33:54.944 * PRIMARY <-> REPLICA sync started
1:S 28 Jul 2026 02:33:55.250 * Sending MEET packet to node eda04462ed7666bbfa913d5cd2a069e5c18edc4b () because there is no inbound link for it
1:S 28 Jul 2026 02:33:55.558 * NODE af2c78fadbd09497d85d42a74fceb01b80950ed7 () possibly failing.
1:S 28 Jul 2026 02:33:55.558 * NODE 8ff391cde62ac35da285a880fe39c0040ae55297 () possibly failing.
1:S 28 Jul 2026 02:33:55.558 * NODE 3254898e3777ca0d91b820709852d139713cff04 () possibly failing.
1:S 28 Jul 2026 02:33:55.558 * NODE 2b8102351d06cb7da0724a18c835db8a8e689452 () possibly failing.
1:S 28 Jul 2026 02:33:55.558 * NODE 9af6004abaae9fca1446b47c324adcdb70e5a493 () possibly failing.
1:S 28 Jul 2026 02:33:55.558 * NODE a0a21655d6a1ae1d56717571598f731d815ec22c () possibly failing.
1:S 28 Jul 2026 02:33:55.558 * NODE a1e96ea2f4ab5bb2b439c0d709e7f1229d4867d0 () possibly failing.
1:S 28 Jul 2026 02:33:55.558 * NODE 66b22648b675bd3ba177c193c35be786d2a59ebb () possibly failing.
1:S 28 Jul 2026 02:33:55.558 * NODE d2b987762bd0686a5d0102a9803ef96cb103ff9c () possibly failing.
1:S 28 Jul 2026 02:33:55.666 * FAIL message received from e8288695c5a593fe5a0c11c47d868354a88051cc () about 13a930c01bffcb8daf5144ad671e3768dd678212 ()
1:S 28 Jul 2026 02:33:55.666 # Cluster state changed: fail
1:S 28 Jul 2026 02:33:55.666 # Cluster is currently down: At least one hash slot is not served by any available node. Please check the 'cluster-require-full-coverage' configuration.
1:S 28 Jul 2026 02:33:55.666 * Start of election delayed for 316 milliseconds (rank #0, primary rank #0, offset 224).
1:S 28 Jul 2026 02:33:55.762 * Currently unable to failover: Waiting the delay before I can start a new failover.
1:S 28 Jul 2026 02:33:56.016 # Error condition on socket for SYNC: Connection refused
1:S 28 Jul 2026 02:33:56.068 * NODE f6625cba8c046b6d1bb994e59d8b1d24054f53c8 () possibly failing.
1:S 28 Jul 2026 02:33:56.068 * NODE aa34ea70a67865b6e155de387193f9bad86e88ad () possibly failing.
1:S 28 Jul 2026 02:33:56.068 * NODE eda04462ed7666bbfa913d5cd2a069e5c18edc4b () possibly failing.
1:S 28 Jul 2026 02:33:56.068 * Starting a failover election for epoch 101, node config epoch is 8
1:S 28 Jul 2026 02:33:56.076 * Currently unable to failover: Waiting for votes, but majority still not reached.
1:S 28 Jul 2026 02:33:56.076 * Needed quorum: 26. Number of votes received so far: 2
1:S 28 Jul 2026 02:33:56.086 * Failover election won: I'm the new primary.
1:S 28 Jul 2026 02:33:56.086 * configEpoch set to 101 after successful failover
1:S 28 Jul 2026 02:33:56.086 * Setting myself to primary in shard 8c5cc9b2e62527b8ab13ab4390d07762110f7351 after failover; my old primary is 13a930c01bffcb8daf5144ad671e3768dd678212 ()
1:S 28 Jul 2026 02:33:56.086 * Reconfiguring node 7f20e7764845bf5654d1596274d0ca97bd04e111 () as primary for shard 8c5cc9b2e62527b8ab13ab4390d07762110f7351
1:M 28 Jul 2026 02:33:56.086 * Discarding previously cached primary state.
1:M 28 Jul 2026 02:33:56.086 * Setting secondary replication ID to fbf1f00146a378d41f85afa8392786d1a3ef75e7, valid up to offset: 225. New replication ID is cbd8f8667dd937ecda39bd9ee0ecb6a9551dbd26
1:M 28 Jul 2026 02:33:56.086 * Cluster state changed: ok
1:M 28 Jul 2026 02:33:56.171 * FAIL message received from e8288695c5a593fe5a0c11c47d868354a88051cc () about af2c78fadbd09497d85d42a74fceb01b80950ed7 ()
1:M 28 Jul 2026 02:33:56.171 # Cluster state changed: fail
1:M 28 Jul 2026 02:33:56.171 # Cluster is currently down: At least one hash slot is not served by any available node. Please check the 'cluster-require-full-coverage' configuration.
1:M 28 Jul 2026 02:33:56.585 * FAIL message received from 718d830c262a23ffeb38e0f8f886b8a7639a7c0d () about 8680331d5f51caf2640170260bddd0f2ba300682 ()
1:M 28 Jul 2026 02:33:56.585 * FAIL message received from d7781ef484f388b3b6d54912e5fdefe9391ca53b () about 3254898e3777ca0d91b820709852d139713cff04 ()
1:M 28 Jul 2026 02:33:56.585 * FAIL message received from d7781ef484f388b3b6d54912e5fdefe9391ca53b () about 9af6004abaae9fca1446b47c324adcdb70e5a493 ()
1:M 28 Jul 2026 02:33:56.585 * FAIL message received from d7781ef484f388b3b6d54912e5fdefe9391ca53b () about 897f4d19f1411bd802339b82af8f53346ffe7b4d ()
1:M 28 Jul 2026 02:33:56.587 * Failover auth granted to 97300f8818bb1b33a6e5c8897ee75dc67c1b431d () for epoch 102
1:M 28 Jul 2026 02:33:56.614 * FAIL message received from b89efb2979df9746755510be7f43f627833d2e80 () about a0a21655d6a1ae1d56717571598f731d815ec22c ()
1:M 28 Jul 2026 02:33:56.614 * FAIL message received from b89efb2979df9746755510be7f43f627833d2e80 () about aa34ea70a67865b6e155de387193f9bad86e88ad ()
1:M 28 Jul 2026 02:33:56.630 * Reconfiguring node 97300f8818bb1b33a6e5c8897ee75dc67c1b431d () as primary for shard a6a7a2c30ed57bd3aedd78380bdda290c99301d0
1:M 28 Jul 2026 02:33:56.630 * Mismatch in topology information for sender node 97300f8818bb1b33a6e5c8897ee75dc67c1b431d () in shard a6a7a2c30ed57bd3aedd78380bdda290c99301d0
1:M 28 Jul 2026 02:33:56.659 * FAIL message received from d7781ef484f388b3b6d54912e5fdefe9391ca53b () about f6625cba8c046b6d1bb994e59d8b1d24054f53c8 ()
1:M 28 Jul 2026 02:33:56.659 * FAIL message received from d7781ef484f388b3b6d54912e5fdefe9391ca53b () about d2b987762bd0686a5d0102a9803ef96cb103ff9c ()
1:M 28 Jul 2026 02:33:56.659 * FAIL message received from d7781ef484f388b3b6d54912e5fdefe9391ca53b () about 2b8102351d06cb7da0724a18c835db8a8e689452 ()
1:M 28 Jul 2026 02:33:56.695 * FAIL message received from b89efb2979df9746755510be7f43f627833d2e80 () about eda04462ed7666bbfa913d5cd2a069e5c18edc4b ()
1:M 28 Jul 2026 02:33:56.992 * Failover auth granted to eb1adddd867d0abf5057c145297088713e01ff60 () for epoch 103
1:M 28 Jul 2026 02:33:57.029 * Failover auth granted to 77e576d14f53cacc8b413c32ef73a4748ed72c35 () for epoch 104
1:M 28 Jul 2026 02:33:57.064 * Reconfiguring node eb1adddd867d0abf5057c145297088713e01ff60 () as primary for shard 11c3bba5a76fb49eab79dc65a5350bc1c3831cc3
1:M 28 Jul 2026 02:33:57.064 * Mismatch in topology information for sender node eb1adddd867d0abf5057c145297088713e01ff60 () in shard 11c3bba5a76fb49eab79dc65a5350bc1c3831cc3
1:M 28 Jul 2026 02:33:57.110 * FAIL message received from 4861be930809bc8dcd53f03e268f7a44b9371d35 () about 66b22648b675bd3ba177c193c35be786d2a59ebb ()
1:M 28 Jul 2026 02:33:57.110 * FAIL message received from d7781ef484f388b3b6d54912e5fdefe9391ca53b () about a1e96ea2f4ab5bb2b439c0d709e7f1229d4867d0 ()
1:M 28 Jul 2026 02:33:57.111 * Failover auth granted to af9224f6c6b3997f3174cb05a62c89ceaf03f742 () for epoch 105
1:M 28 Jul 2026 02:33:57.213 * Reconfiguring node af9224f6c6b3997f3174cb05a62c89ceaf03f742 () as primary for shard 3fdf54b1dfe8dba6e6be0f11f8e66729901e5f15
1:M 28 Jul 2026 02:33:57.213 * Mismatch in topology information for sender node af9224f6c6b3997f3174cb05a62c89ceaf03f742 () in shard 3fdf54b1dfe8dba6e6be0f11f8e66729901e5f15
1:M 28 Jul 2026 02:33:57.213 * Reconfiguring node 77e576d14f53cacc8b413c32ef73a4748ed72c35 () as primary for shard 075375405e6538e3228a69dad58ae899c500ace3
1:M 28 Jul 2026 02:33:57.213 * Mismatch in topology information for sender node 77e576d14f53cacc8b413c32ef73a4748ed72c35 () in shard 075375405e6538e3228a69dad58ae899c500ace3
1:M 28 Jul 2026 02:33:57.213 * FAIL message received from 485ac6326fa59e17338be9595a2c7e20de7496b6 () about 8ff391cde62ac35da285a880fe39c0040ae55297 ()
1:M 28 Jul 2026 02:33:57.337 * Failover auth granted to d7ddb529bcc2d193d8662f4f3978f20ae3a31a1c () for epoch 106
1:M 28 Jul 2026 02:33:57.364 * Failover auth granted to 9ca43c9a5b873f2f270d2f492af19fce1f1b0cab () for epoch 107
1:M 28 Jul 2026 02:33:57.378 * Reconfiguring node d7ddb529bcc2d193d8662f4f3978f20ae3a31a1c () as primary for shard 4e40fb3f236d65514aba4a9ddc33f48e8c79ddf3
1:M 28 Jul 2026 02:33:57.378 * Mismatch in topology information for sender node d7ddb529bcc2d193d8662f4f3978f20ae3a31a1c () in shard 4e40fb3f236d65514aba4a9ddc33f48e8c79ddf3
1:M 28 Jul 2026 02:33:57.407 * Reconfiguring node 9ca43c9a5b873f2f270d2f492af19fce1f1b0cab () as primary for shard 5ac13db7c17aff53c6e53259cf1562c9616834b4
1:M 28 Jul 2026 02:33:57.407 * Mismatch in topology information for sender node 9ca43c9a5b873f2f270d2f492af19fce1f1b0cab () in shard 5ac13db7c17aff53c6e53259cf1562c9616834b4
1:M 28 Jul 2026 02:33:57.449 * Failover auth granted to ca1c92679341c847bd24a1baf020f3931146dede () for epoch 108
1:M 28 Jul 2026 02:33:57.460 * Failover auth granted to c971aa1d062b0939c6a377fdacd774f6cfd3f5c6 () for epoch 109
1:M 28 Jul 2026 02:33:57.483 * Failover auth granted to 497f5f2c03c9ba85762ac4b45e875f57d0e2274d () for epoch 110
1:M 28 Jul 2026 02:33:57.503 * Reconfiguring node ca1c92679341c847bd24a1baf020f3931146dede () as primary for shard d062b5ab2273b1ec1dc918821b70c481da4173d7
1:M 28 Jul 2026 02:33:57.503 * Mismatch in topology information for sender node ca1c92679341c847bd24a1baf020f3931146dede () in shard d062b5ab2273b1ec1dc918821b70c481da4173d7
1:M 28 Jul 2026 02:33:57.505 * Reconfiguring node c971aa1d062b0939c6a377fdacd774f6cfd3f5c6 () as primary for shard 765307815d3def2cbc18aba6936aefa372ae660b
1:M 28 Jul 2026 02:33:57.505 * Mismatch in topology information for sender node c971aa1d062b0939c6a377fdacd774f6cfd3f5c6 () in shard 765307815d3def2cbc18aba6936aefa372ae660b
1:M 28 Jul 2026 02:33:57.557 * Failover auth granted to c07bd78cbc3ba30f36cfaf78b5305485eb5cc0ec () for epoch 111
1:M 28 Jul 2026 02:33:57.568 # Failover auth denied to 782c0dac7de57b958337a52ff780be56f96cc9ab (): already voted for epoch 111
1:M 28 Jul 2026 02:33:57.568 * Failover auth granted to b478f80dab953e9c2b150f692a5bf05baeef5ca3 () for epoch 112
1:M 28 Jul 2026 02:33:57.593 * Reconfiguring node 497f5f2c03c9ba85762ac4b45e875f57d0e2274d () as primary for shard 1f1730c03293666312fb6e2e8370621227fb9332
1:M 28 Jul 2026 02:33:57.594 * Mismatch in topology information for sender node 497f5f2c03c9ba85762ac4b45e875f57d0e2274d () in shard 1f1730c03293666312fb6e2e8370621227fb9332
1:M 28 Jul 2026 02:33:57.633 * Reconfiguring node b478f80dab953e9c2b150f692a5bf05baeef5ca3 () as primary for shard ebda520828bde86096e0ba5d50909d6468dfbfd9
1:M 28 Jul 2026 02:33:57.633 * Mismatch in topology information for sender node b478f80dab953e9c2b150f692a5bf05baeef5ca3 () in shard ebda520828bde86096e0ba5d50909d6468dfbfd9
1:M 28 Jul 2026 02:33:57.647 * Reconfiguring node c07bd78cbc3ba30f36cfaf78b5305485eb5cc0ec () as primary for shard ed38d124e0509d98c13129a4b1a513315eb0f63e
1:M 28 Jul 2026 02:33:57.647 * Mismatch in topology information for sender node c07bd78cbc3ba30f36cfaf78b5305485eb5cc0ec () in shard ed38d124e0509d98c13129a4b1a513315eb0f63e
1:M 28 Jul 2026 02:33:57.682 * Failover auth granted to e8288695c5a593fe5a0c11c47d868354a88051cc () for epoch 113
1:M 28 Jul 2026 02:33:57.704 * Reconfiguring node e8288695c5a593fe5a0c11c47d868354a88051cc () as primary for shard 9b5960f4283de70a25b57c7196754e60a62a4da5
1:M 28 Jul 2026 02:33:57.704 * Mismatch in topology information for sender node e8288695c5a593fe5a0c11c47d868354a88051cc () in shard 9b5960f4283de70a25b57c7196754e60a62a4da5
1:M 28 Jul 2026 02:33:57.784 * Failover auth granted to 2a25af3783aae4da6f874f2529630bbd65d4a366 () for epoch 114
1:M 28 Jul 2026 02:33:57.803 * Reconfiguring node 2a25af3783aae4da6f874f2529630bbd65d4a366 () as primary for shard f7c458fa6aabcd9d74fb4ae59a4a7876357e1d20
1:M 28 Jul 2026 02:33:57.803 * Mismatch in topology information for sender node 2a25af3783aae4da6f874f2529630bbd65d4a366 () in shard f7c458fa6aabcd9d74fb4ae59a4a7876357e1d20
1:M 28 Jul 2026 02:33:57.880 * Failover auth granted to 782c0dac7de57b958337a52ff780be56f96cc9ab () for epoch 115
1:M 28 Jul 2026 02:33:57.902 * Reconfiguring node 782c0dac7de57b958337a52ff780be56f96cc9ab () as primary for shard e687edbcab379eb06397d144fd22d9f0d8b21133
1:M 28 Jul 2026 02:33:57.902 * Mismatch in topology information for sender node 782c0dac7de57b958337a52ff780be56f96cc9ab () in shard e687edbcab379eb06397d144fd22d9f0d8b21133
1:M 28 Jul 2026 02:33:57.902 * Cluster state changed: ok
1:M 28 Jul 2026 02:34:02.213 * Sending MEET packet to node b89efb2979df9746755510be7f43f627833d2e80 () because there is no inbound link for it
1:M 28 Jul 2026 02:34:04.556 * FAIL message received from d14a79794e64afb37a60bedbfc01bbd3e7b8a762 () about b89efb2979df9746755510be7f43f627833d2e80 ()
1:M 28 Jul 2026 02:34:04.556 # Cluster state changed: fail
1:M 28 Jul 2026 02:34:04.556 # Cluster is currently down: At least one hash slot is not served by any available node. Please check the 'cluster-require-full-coverage' configuration.
1:M 28 Jul 2026 02:34:04.788 * Failover auth granted to 535f95685df0883fd0c118fc44a09655fe0570ad () for epoch 116
1:M 28 Jul 2026 02:34:04.824 * Reconfiguring node 535f95685df0883fd0c118fc44a09655fe0570ad () as primary for shard 7fcfb0caf9d26d28580b9ae161ebe57c99fce995
1:M 28 Jul 2026 02:34:04.825 * Mismatch in topology information for sender node 535f95685df0883fd0c118fc44a09655fe0570ad () in shard 7fcfb0caf9d26d28580b9ae161ebe57c99fce995
1:M 28 Jul 2026 02:34:04.825 * Cluster state changed: ok
1:M 28 Jul 2026 02:34:48.267 * Sending MEET packet to node 32de53c275041a32b70fa3a1a78909a5dbc79f31 () because there is no inbound link for it
1:M 28 Jul 2026 02:34:48.267 * Sending MEET packet to node 57681be645364799c435291e3e6f970c6efc47c8 () because there is no inbound link for it
1:M 28 Jul 2026 02:34:50.537 * FAIL message received from e8ddc1fc4f148fccdf7188ebcab1251bca7d0b03 () about 32de53c275041a32b70fa3a1a78909a5dbc79f31 ()
1:M 28 Jul 2026 02:34:50.545 * FAIL message received from 4c3b73d091cba61cccbf9ec390d61d8c32c3be53 () about 57681be645364799c435291e3e6f970c6efc47c8 ()
1:M 28 Jul 2026 02:35:04.525 * Marking node 26157fdb9cdd79e00740e39a03c7e2dd298a42d6 () as failing (quorum reached).
1:M 28 Jul 2026 02:35:52.952 * IP address for this node updated to 192.168.139.2


=== VALKEY BUG REPORT START: Cut & paste starting from here ===
1:M 28 Jul 2026 02:35:52.952 # === ASSERTION FAILED ===
1:M 28 Jul 2026 02:35:52.952 # ==> cluster_legacy.c:3842 'link != sender->link' is not true

------ STACK TRACE ------

14 bio_aof
/lib/aarch64-linux-gnu/libc.so.6(+0x8ef6c) [0xffff8f02ef6c]
/lib/aarch64-linux-gnu/libc.so.6(+0x82618) [0xffff8f022618]
/lib/aarch64-linux-gnu/libc.so.6(+0x829b0) [0xffff8f0229b0]
/lib/aarch64-linux-gnu/libc.so.6(pthread_cond_wait+0x164) [0xffff8f0253ac]
valkey-server *:43090 [cluster](bioProcessBackgroundJobs+0x178) [0xaaaad4371f08]
/lib/aarch64-linux-gnu/libc.so.6(+0x85f38) [0xffff8f025f38]
/lib/aarch64-linux-gnu/libc.so.6(+0xedc2c) [0xffff8f08dc2c]

16 bio_rdb_save
/lib/aarch64-linux-gnu/libc.so.6(+0x8ef6c) [0xffff8f02ef6c]
/lib/aarch64-linux-gnu/libc.so.6(+0x82618) [0xffff8f022618]
/lib/aarch64-linux-gnu/libc.so.6(+0x829b0) [0xffff8f0229b0]
/lib/aarch64-linux-gnu/libc.so.6(pthread_cond_wait+0x164) [0xffff8f0253ac]
valkey-server *:43090 [cluster](bioProcessBackgroundJobs+0x178) [0xaaaad4371f08]
/lib/aarch64-linux-gnu/libc.so.6(+0x85f38) [0xffff8f025f38]
/lib/aarch64-linux-gnu/libc.so.6(+0xedc2c) [0xffff8f08dc2c]

13 bio_close_file
/lib/aarch64-linux-gnu/libc.so.6(+0x8ef6c) [0xffff8f02ef6c]
/lib/aarch64-linux-gnu/libc.so.6(+0x82618) [0xffff8f022618]
/lib/aarch64-linux-gnu/libc.so.6(+0x829b0) [0xffff8f0229b0]
/lib/aarch64-linux-gnu/libc.so.6(pthread_cond_wait+0x164) [0xffff8f0253ac]
valkey-server *:43090 [cluster](bioProcessBackgroundJobs+0x178) [0xaaaad4371f08]
/lib/aarch64-linux-gnu/libc.so.6(+0x85f38) [0xffff8f025f38]
/lib/aarch64-linux-gnu/libc.so.6(+0xedc2c) [0xffff8f08dc2c]

1 valkey-server *
valkey-server *:43090 [cluster](clusterProcessPacket+0x15f4) [0xaaaad4359ff4]
valkey-server *:43090 [cluster](clusterReadHandler+0x12c) [0xaaaad435a3ac]
valkey-server *:43090 [cluster](+0x1fff90) [0xaaaad43eff90]
valkey-server *:43090 [cluster](aeMain+0x94) [0xaaaad428d978]
valkey-server *:43090 [cluster](main+0x4ac) [0xaaaad42833cc]
/lib/aarch64-linux-gnu/libc.so.6(+0x2225c) [0xffff8efc225c]
/lib/aarch64-linux-gnu/libc.so.6(__libc_start_main+0x9c) [0xffff8efc233c]
valkey-server *:43090 [cluster](_start+0x30) [0xaaaad4283bf0]

15 bio_lazy_free
/lib/aarch64-linux-gnu/libc.so.6(+0x8ef6c) [0xffff8f02ef6c]
/lib/aarch64-linux-gnu/libc.so.6(+0x82618) [0xffff8f022618]
/lib/aarch64-linux-gnu/libc.so.6(+0x829b0) [0xffff8f0229b0]
/lib/aarch64-linux-gnu/libc.so.6(pthread_cond_wait+0x164) [0xffff8f0253ac]
valkey-server *:43090 [cluster](bioProcessBackgroundJobs+0x178) [0xaaaad4371f08]
/lib/aarch64-linux-gnu/libc.so.6(+0x85f38) [0xffff8f025f38]
/lib/aarch64-linux-gnu/libc.so.6(+0xedc2c) [0xffff8f08dc2c]

5/5 expected stacktraces.

------ STACK TRACE DONE ------

------ INFO OUTPUT ------
# Server
redis_version:7.2.4
server_name:valkey
valkey_version:9.0.5
valkey_release_stage:ga
redis_git_sha1:00000000
redis_git_dirty:0
redis_build_id:5cc62005049790f0
server_mode:cluster
os:Linux 7.0.11-orbstack-00360-gc9bc4d96ac70 aarch64
arch_bits:64
monotonic_clock:POSIX clock_gettime
multiplexing_api:epoll
gcc_version:14.2.0
process_id:1
process_supervised:no
run_id:3cd1ae6a2ebf6adebab7ef84404d4d22c1c4e910
tcp_port:43090
server_time_usec:1785206152952575
uptime_in_seconds:373
uptime_in_days:0
hz:10
configured_hz:10
clients_hz:10
lru_clock:6821256
executable:/data/valkey-server
config_file:/data/node.conf
io_threads_active:0
availability_zone:
listener0:name=tcp,bind=*,bind=-::*,port=43090

# Clients
connected_clients:0
cluster_connections:198
maxclients:10000
client_recent_max_input_buffer:0
client_recent_max_output_buffer:0
blocked_clients:0
tracking_clients:0
pubsub_clients:0
watching_clients:0
clients_in_timeout_table:0
total_watched_keys:0
total_blocking_keys:0
total_blocking_keys_on_nokey:0
paused_reason:none
paused_actions:none
paused_timeout_milliseconds:0

# Memory
used_memory:3473272
used_memory_human:3.31M
used_memory_rss:9490432
used_memory_rss_human:9.05M
used_memory_peak:3809616
used_memory_peak_human:3.63M
used_memory_peak_perc:91.17%
used_memory_overhead:2955692
used_memory_startup:2487256
used_memory_dataset:517580
used_memory_dataset_perc:52.49%
allocator_allocated:3876512
allocator_active:10616832
allocator_resident:14811136
allocator_muzzy:0
total_system_memory:16818024448
total_system_memory_human:15.66G
used_memory_lua:32768
used_memory_vm_eval:32768
used_memory_lua_human:32.00K
used_memory_scripts_eval:0
number_of_cached_scripts:0
number_of_functions:0
number_of_libraries:0
used_memory_vm_functions:35840
used_memory_vm_total:68608
used_memory_vm_total_human:67.00K
used_memory_functions:240
used_memory_scripts:240
used_memory_scripts_human:240B
maxmemory:0
maxmemory_human:0B
maxmemory_policy:noeviction
allocator_frag_ratio:2.74
allocator_frag_bytes:6740320
allocator_rss_ratio:1.40
allocator_rss_bytes:4194304
rss_overhead_ratio:0.64
rss_overhead_bytes:-5320704
mem_fragmentation_ratio:2.74
mem_fragmentation_bytes:6031544
mem_not_counted_for_evict:0
mem_replication_backlog:20508
mem_total_replication_buffers:20504
mem_clients_slaves:0
mem_clients_normal:1688
mem_cluster_links:183616
mem_cluster_slot_import:0
mem_cluster_slot_export:0
mem_aof_buffer:0
mem_allocator:jemalloc-5.3.0
mem_overhead_db_hashtable_rehashing:0
active_defrag_running:0
lazyfree_pending_objects:0
lazyfreed_objects:0

# Persistence
loading:0
async_loading:0
current_cow_peak:0
current_cow_size:0
current_cow_size_age:0
current_fork_perc:0.00
current_save_keys_processed:0
current_save_keys_total:0
rdb_changes_since_last_save:0
rdb_bgsave_in_progress:0
rdb_last_save_time:1785205779
rdb_last_bgsave_status:ok
rdb_last_bgsave_time_sec:-1
rdb_current_bgsave_time_sec:-1
rdb_saves:0
rdb_last_cow_size:0
rdb_last_load_keys_expired:0
rdb_last_load_keys_loaded:0
aof_enabled:0
aof_rewrite_in_progress:0
aof_rewrite_scheduled:0
aof_last_rewrite_time_sec:-1
aof_current_rewrite_time_sec:-1
aof_last_bgrewrite_status:ok
aof_rewrites:0
aof_rewrites_consecutive_failures:0
aof_last_write_status:ok
aof_last_cow_size:0
module_fork_in_progress:0
module_fork_last_cow_size:0
slot_migration_fork_in_progress:0

# Stats
total_connections_received:4
total_commands_processed:30
instantaneous_ops_per_sec:0
total_net_input_bytes:981
total_net_output_bytes:78509
total_net_repl_input_bytes:469
total_net_repl_output_bytes:0
total_net_cluster_slot_import_bytes:0
total_net_cluster_slot_export_bytes:0
instantaneous_input_kbps:0.00
instantaneous_output_kbps:0.00
instantaneous_input_repl_kbps:0.00
instantaneous_output_repl_kbps:0.00
rejected_connections:0
sync_full:0
sync_partial_ok:0
sync_partial_err:0
expired_keys:0
expired_fields:0
expired_stale_perc:0.00
expired_keys_with_volatile_items_stale_perc:0.00
expired_time_cap_reached_count:0
expire_cycle_cpu_milliseconds:0
evicted_keys:0
evicted_clients:0
evicted_scripts:0
total_eviction_exceeded_time:0
current_eviction_exceeded_time:0
keyspace_hits:0
keyspace_misses:0
pubsub_channels:0
pubsub_patterns:0
pubsubshard_channels:0
latest_fork_usec:0
total_forks:0
migrate_cached_sockets:0
slave_expires_tracked_keys:0
active_defrag_hits:0
active_defrag_misses:0
active_defrag_key_hits:0
active_defrag_key_misses:0
total_active_defrag_time:0
current_active_defrag_time:0
tracking_total_keys:0
tracking_total_items:0
tracking_total_prefixes:0
unexpected_error_replies:0
total_error_replies:1
dump_payload_sanitizations:0
total_reads_processed:35
total_writes_processed:165
io_threaded_reads_processed:0
io_threaded_writes_processed:0
io_threaded_freed_objects:0
io_threaded_accept_processed:0
io_threaded_poll_processed:0
io_threaded_total_prefetch_batches:0
io_threaded_total_prefetch_entries:0
client_query_buffer_limit_disconnections:0
client_output_buffer_limit_disconnections:0
reply_buffer_shrinks:2
reply_buffer_expands:1
eventloop_cycles:18372
eventloop_duration_sum:3275730
eventloop_duration_cmd_sum:864
instantaneous_eventloop_cycles_per_sec:99
instantaneous_eventloop_duration_usec:47
acl_access_denied_auth:0
acl_access_denied_cmd:0
acl_access_denied_key:0
acl_access_denied_channel:0
acl_access_denied_tls_cert:0

# Replication
role:master
connected_slaves:0
replicas_waiting_psync:0
master_failover_state:no-failover
master_replid:cbd8f8667dd937ecda39bd9ee0ecb6a9551dbd26
master_replid2:fbf1f00146a378d41f85afa8392786d1a3ef75e7
master_repl_offset:224
second_repl_offset:225
repl_backlog_active:1
repl_backlog_size:10485760
repl_backlog_first_byte_offset:15
repl_backlog_histlen:210

# CPU
used_cpu_sys:0.884037
used_cpu_user:0.600258
used_cpu_sys_children:0.000572
used_cpu_user_children:0.001573
used_cpu_sys_main_thread:0.880725
used_cpu_user_main_thread:0.601185

# Modules

# Commandstats
cmdstat_ping:calls=16,usec=14,usec_per_call=0.88,rejected_calls=0,failed_calls=0
cmdstat_info:calls=2,usec=51,usec_per_call=25.50,rejected_calls=0,failed_calls=0
cmdstat_dbsize:calls=1,usec=3,usec_per_call=3.00,rejected_calls=0,failed_calls=0
cmdstat_cluster|set-config-epoch:calls=1,usec=14,usec_per_call=14.00,rejected_calls=0,failed_calls=0
cmdstat_cluster|info:calls=1,usec=2,usec_per_call=2.00,rejected_calls=0,failed_calls=0
cmdstat_cluster|replicate:calls=2,usec=156,usec_per_call=78.00,rejected_calls=0,failed_calls=1
cmdstat_cluster|meet:calls=1,usec=21,usec_per_call=21.00,rejected_calls=0,failed_calls=0
cmdstat_cluster|nodes:calls=6,usec=603,usec_per_call=100.50,rejected_calls=0,failed_calls=0

# Errorstats
errorstat_ERR:count=1

# Latencystats
latency_percentiles_usec_ping:p50=0.001,p99=7.007,p99.9=7.007
latency_percentiles_usec_info:p50=9.023,p99=42.239,p99.9=42.239
latency_percentiles_usec_dbsize:p50=3.007,p99=3.007,p99.9=3.007
latency_percentiles_usec_cluster|set-config-epoch:p50=14.015,p99=14.015,p99.9=14.015
latency_percentiles_usec_cluster|info:p50=2.007,p99=2.007,p99.9=2.007
latency_percentiles_usec_cluster|replicate:p50=8.031,p99=148.479,p99.9=148.479
latency_percentiles_usec_cluster|meet:p50=21.119,p99=21.119,p99.9=21.119
latency_percentiles_usec_cluster|nodes:p50=97.279,p99=128.511,p99.9=128.511

# Cluster
cluster_enabled:1

# Keyspace

# Cluster info
cluster_state:ok
cluster_slots_assigned:16384
cluster_slots_ok:16384
cluster_slots_pfail:0
cluster_slots_fail:0
cluster_nodes_pfail:0
cluster_nodes_fail:19
cluster_voting_nodes_pfail:0
cluster_voting_nodes_fail:0
cluster_known_nodes:100
cluster_size:50
cluster_current_epoch:116
cluster_my_epoch:101
cluster_stats_messages_ping_sent:6619
cluster_stats_messages_pong_sent:6929
cluster_stats_messages_meet_sent:25
cluster_stats_messages_fail_sent:99
cluster_stats_messages_auth-req_sent:99
cluster_stats_messages_auth-ack_sent:15
cluster_stats_messages_sent:13786
cluster_stats_messages_ping_received:6726
cluster_stats_messages_pong_received:6669
cluster_stats_messages_meet_received:7
cluster_stats_messages_fail_received:77
cluster_stats_messages_auth-req_received:16
cluster_stats_messages_auth-ack_received:35
cluster_stats_messages_received:13530
total_cluster_links_buffer_limit_exceeded:0

------ CLUSTER NODES OUTPUT ------
47332c36b84f555b239fdaa5c549b52936b2240b 127.0.0.1:43037@53037,,tls-port=0,shard-id=f759289807839578713497843a5e0e2b7100e2bb master - 0 1785206152000 38 connected 12124-12451
897f4d19f1411bd802339b82af8f53346ffe7b4d 127.0.0.1:43012@53012,,tls-port=0,shard-id=4e40fb3f236d65514aba4a9ddc33f48e8c79ddf3 master,fail - 1785206028712 1785206026567 13 disconnected
9ca43c9a5b873f2f270d2f492af19fce1f1b0cab 127.0.0.1:43070@53070,,tls-port=0,shard-id=5ac13db7c17aff53c6e53259cf1562c9616834b4 master - 0 1785206152527 107 connected 1966-2293
750d0d274daeb523c13bc398f9db981451ca4d74 127.0.0.1:43098@53098,,tls-port=0,shard-id=f759289807839578713497843a5e0e2b7100e2bb slave 47332c36b84f555b239fdaa5c549b52936b2240b 0 1785206152527 38 connected
91462d5c46d4f689c816acbd1bafc885d719ebdf 127.0.0.1:43018@53018,,tls-port=0,shard-id=e7a548fb030fdd770e86255cfa22d209e82e7461 master - 0 1785206151518 19 connected 5898-6225
ca1c92679341c847bd24a1baf020f3931146dede 127.0.0.1:43089@53089,,tls-port=0,shard-id=d062b5ab2273b1ec1dc918821b70c481da4173d7 master - 0 1785206151719 108 connected 1311-1637
136b3659d7015aa6d3740a2c7a9414e9e693d991 127.0.0.1:43017@53017,,tls-port=0,shard-id=32c43e406be2d2088928e6a26097849163186bed master - 1785206152525 1785206150000 18 disconnected 5571-5897
dbcf7735aa4d7cb71d6a05045da14a06a90a3537 127.0.0.1:43088@53088,,tls-port=0,shard-id=ff2088e9463bddb05136636a9b3d2e6922470d34 slave b17d42107957413c3afa216b0fd2a40efd894914 0 1785206152526 36 connected
3231ee2d6ed1cebbca42e3bb7ba3f492c800c1c0 127.0.0.1:43076@53076,,tls-port=0,shard-id=0d19a7e08628c7684c371051c5e042cb703632e4 slave 043cb3eaf2dce8760506fd276cd505289f8349cc 0 1785206151000 47 connected
13a930c01bffcb8daf5144ad671e3768dd678212 127.0.0.1:43007@53007,,tls-port=0,shard-id=8c5cc9b2e62527b8ab13ab4390d07762110f7351 master,fail - 1785206029624 1785206027072 8 connected
497f5f2c03c9ba85762ac4b45e875f57d0e2274d 127.0.0.1:43075@53075,,tls-port=0,shard-id=1f1730c03293666312fb6e2e8370621227fb9332 master - 0 1785206151518 110 connected 2621-2948
bb8051f01b5d85c21e5f310bd9f3b6abeeefe9e2 127.0.0.1:43087@53087,,tls-port=0,shard-id=3cbe77684b1375f000de2be14bd567fd43813bb0 slave ae7cf753f52f7384bc1084c5adeb691572b27869 0 1785206152000 30 connected
a34f88b3c0a2a77332e1b336f504dddc627aede4 127.0.0.1:43080@53080,,tls-port=0,shard-id=96ebe13015200e2f82feb484ad7b630fd12ad1e2 slave 3e8507f76ce24e3c05b1773367229e46dbd6b9e4 0 1785206152527 45 connected
f6625cba8c046b6d1bb994e59d8b1d24054f53c8 127.0.0.1:43005@53005,,tls-port=0,shard-id=075375405e6538e3228a69dad58ae899c500ace3 master,fail - 1785206031059 1785206028513 6 disconnected
af2c78fadbd09497d85d42a74fceb01b80950ed7 127.0.0.1:43011@53011,,tls-port=0,shard-id=a6a7a2c30ed57bd3aedd78380bdda290c99301d0 master,fail - 1785206030545 1785206028000 12 connected
782c0dac7de57b958337a52ff780be56f96cc9ab 127.0.0.1:43077@53077,,tls-port=0,shard-id=e687edbcab379eb06397d144fd22d9f0d8b21133 master - 0 1785206152000 115 connected 4260-4587
3895c34265422f7dcf5c4ec6decdb10791e812d7 127.0.0.1:43085@53085,,tls-port=0,shard-id=54722357347eabd60b46e009cb824e819c639b5f slave 4861be930809bc8dcd53f03e268f7a44b9371d35 0 1785206152000 32 connected
ae7cf753f52f7384bc1084c5adeb691572b27869 127.0.0.1:43029@53029,,tls-port=0,shard-id=3cbe77684b1375f000de2be14bd567fd43813bb0 master - 0 1785206151518 30 connected 9503-9829
19267d63c5c3b034be62452b739e693f976246e8 127.0.0.1:43062@53062,,tls-port=0,shard-id=6ecb2c2cc9a06793d78f2c3cff9f12b5da9b04ca slave 1377c162e23ebb1d1968d56982381297190b12f0 0 1785206152526 20 connected
4abc87c900864bc266d53d245e18cf923546f546 127.0.0.1:43099@53099,,tls-port=0,shard-id=e1f06c898fa17e1976b4b452dd7c865b6afc76b1 slave 9865788c3cf3d5f80a9c0e012e6b78d21241598d 0 1785206151000 41 connected
043cb3eaf2dce8760506fd276cd505289f8349cc 127.0.0.1:43046@53046,,tls-port=0,shard-id=0d19a7e08628c7684c371051c5e042cb703632e4 master - 0 1785206151000 47 connected 15073-15400
8ff391cde62ac35da285a880fe39c0040ae55297 127.0.0.1:43002@53002,,tls-port=0,shard-id=9b5960f4283de70a25b57c7196754e60a62a4da5 master,fail - 1785206030545 1785206028000 3 disconnected
240468e94b853b3840656169a90180cbb8320045 127.0.0.1:43042@53042,,tls-port=0,shard-id=781de74fc9433d569412373fa62daba430f16466 master - 0 1785206152527 43 connected 13763-14089
3409cbd8762fc86a9abc1ece82b14c30b5732e86 127.0.0.1:43073@53073,,tls-port=0,shard-id=d17da985b5a58feed4de8b384d83fb1222722938 slave 53aab6310f61f156758427c2a67c74b51cfc2887 0 1785206152527 44 connected
2d8b55da5144619791c671bb8cf5a3d093c40075 127.0.0.1:43056@53056,,tls-port=0,shard-id=6f467ef0153aa586d0c1b95a034f2225e6cbdf41 slave 7af12c56dbaf453a90eac4308c0381e6e523be17 0 1785206151518 35 connected
32de53c275041a32b70fa3a1a78909a5dbc79f31 127.0.0.1:43061@53061,,tls-port=0,shard-id=b10989c487841bfc8f5a00be639d039a9586acb6 slave,fail f68002154c31f604c6c390b71ca5de140dd52fd9 1785206084583 1785206082000 50 connected
8f01fa1ac060f63a1e1e6f38deb5b3aa4966c4ba 127.0.0.1:43060@53060,,tls-port=0,shard-id=e7a548fb030fdd770e86255cfa22d209e82e7461 slave 91462d5c46d4f689c816acbd1bafc885d719ebdf 0 1785206152526 19 connected
84cc001a0a60b9cc353c6373885b9a4df2bf0c05 127.0.0.1:43022@53022,,tls-port=0,shard-id=4287c9090d6e645b3a3e2a89f25b014df6112693 master - 0 1785206152530 23 connected 7209-7536
8c831b56cb28e2433afd6a639b779f7cf73a8ecb 127.0.0.1:43051@53051,,tls-port=0,shard-id=29614ee19ea1b84d720c76dc2f0412b174d3b6d6 slave 718d830c262a23ffeb38e0f8f886b8a7639a7c0d 0 1785206151000 31 connected
77e576d14f53cacc8b413c32ef73a4748ed72c35 127.0.0.1:43066@53066,,tls-port=0,shard-id=075375405e6538e3228a69dad58ae899c500ace3 master - 0 1785206151000 104 connected 1638-1965
4c3b73d091cba61cccbf9ec390d61d8c32c3be53 127.0.0.1:43039@53039,,tls-port=0,shard-id=b8a9c44ceb30b3179a7bc251382b3d62180165cd master - 0 1785206151522 40 connected 12780-13106
8680331d5f51caf2640170260bddd0f2ba300682 127.0.0.1:43010@53010,,tls-port=0,shard-id=11c3bba5a76fb49eab79dc65a5350bc1c3831cc3 master,fail - 1785206029726 1785206028000 11 connected
3254898e3777ca0d91b820709852d139713cff04 127.0.0.1:43001@53001,,tls-port=0,shard-id=765307815d3def2cbc18aba6936aefa372ae660b master,fail - 1785206030545 1785206028000 2 disconnected
f68002154c31f604c6c390b71ca5de140dd52fd9 127.0.0.1:43049@53049,,tls-port=0,shard-id=b10989c487841bfc8f5a00be639d039a9586acb6 master - 0 1785206151522 50 connected 16056-16383
7af12c56dbaf453a90eac4308c0381e6e523be17 127.0.0.1:43034@53034,,tls-port=0,shard-id=6f467ef0153aa586d0c1b95a034f2225e6cbdf41 master - 0 1785206152527 35 connected 11141-11468
97300f8818bb1b33a6e5c8897ee75dc67c1b431d 127.0.0.1:43091@53091,,tls-port=0,shard-id=a6a7a2c30ed57bd3aedd78380bdda290c99301d0 master - 0 1785206151000 102 connected 3604-3931
5bc3cdb4dd2707e60a01d8dcfdfddcb492d1cdcf 127.0.0.1:43082@53082,,tls-port=0,shard-id=5c5732fd3b1f55735ce84e335492b3e026a0db43 slave d82cfaa3d55f79b9be1bfd2a8a3b9c205545cf3c 0 1785206151518 25 connected
d82cfaa3d55f79b9be1bfd2a8a3b9c205545cf3c 127.0.0.1:43024@53024,,tls-port=0,shard-id=5c5732fd3b1f55735ce84e335492b3e026a0db43 master - 0 1785206151000 25 connected 7864-8191
2a25af3783aae4da6f874f2529630bbd65d4a366 127.0.0.1:43095@53095,,tls-port=0,shard-id=f7c458fa6aabcd9d74fb4ae59a4a7876357e1d20 master - 0 1785206151518 114 connected 983-1310
2b8102351d06cb7da0724a18c835db8a8e689452 127.0.0.1:43006@53006,,tls-port=0,shard-id=5ac13db7c17aff53c6e53259cf1562c9616834b4 master,fail - 1785206030545 1785206028000 7 disconnected
f07490d8cb6a2bc75b9066139bf4fcf7c004bed8 127.0.0.1:43067@53067,,tls-port=0,shard-id=87894ddbdc93b64b7eb9f878942726b6766e8200 slave d6b970fb996252a329b28befa5da9b3a0de5cbd6 0 1785206151000 46 connected
1377c162e23ebb1d1968d56982381297190b12f0 127.0.0.1:43019@53019,,tls-port=0,shard-id=6ecb2c2cc9a06793d78f2c3cff9f12b5da9b04ca master - 0 1785206151106 20 connected 6226-6553
b3bda9ded66705c6f4ef9ec90165780261c9a774 127.0.0.1:43038@53038,,tls-port=0,shard-id=9818cf0aab2d7a576d1c6f544769155117501059 master - 0 1785206151000 39 connected 12452-12779
d7781ef484f388b3b6d54912e5fdefe9391ca53b 127.0.0.1:43023@53023,,tls-port=0,shard-id=2213ac2bc62566111f055dc88b4c15b0638ed1af master - 0 1785206152527 24 connected 7537-7863
4861be930809bc8dcd53f03e268f7a44b9371d35 127.0.0.1:43031@53031,,tls-port=0,shard-id=54722357347eabd60b46e009cb824e819c639b5f master - 0 1785206151000 32 connected 10158-10485
6ef8138d923af73cd9b5795e2e159369dc7576e6 127.0.0.1:43020@53020,,tls-port=0,shard-id=d14734748c2c4e4d5b304c8601e83923ea7bd946 master - 0 1785206152000 21 connected 6554-6880
4c14979bf06ab5c5c3cf869f2ab3330e81c69fc8 127.0.0.1:43094@53094,,tls-port=0,shard-id=781de74fc9433d569412373fa62daba430f16466 slave 240468e94b853b3840656169a90180cbb8320045 1785206152525 1785206150000 43 disconnected
9af6004abaae9fca1446b47c324adcdb70e5a493 127.0.0.1:43000@53000,,tls-port=0,shard-id=ed38d124e0509d98c13129a4b1a513315eb0f63e master,fail - 1785206030545 1785206028000 1 connected
b89efb2979df9746755510be7f43f627833d2e80 127.0.0.1:43032@53032,,tls-port=0,shard-id=7fcfb0caf9d26d28580b9ae161ebe57c99fce995 master,fail - 1785206039157 1785206036585 33 disconnected
a106173d75a7c194fc248d3b52e4b033f6c3ce81 127.0.0.1:43025@53025,,tls-port=0,shard-id=fcd4b79d1fb01fed39ae28558a0e74dd481b1fc3 master - 0 1785206151518 26 connected 8192-8519
3ddb1fe2068972118cc55983341295f829d715cc 127.0.0.1:43028@53028,,tls-port=0,shard-id=4d3be97075c54072c232fb80bc17d3cee950f0af master - 0 1785206152000 29 connected 9175-9502
f02f87bd9ea39554aa33d0d2801e1a37deac18cb 127.0.0.1:43057@53057,,tls-port=0,shard-id=f49d9c04ce857c2fed32aaf23ba52fff7946876c slave 297f19bae932c1c3cbbe8c49309e0a0299329f7c 0 1785206152000 28 connected
a0a21655d6a1ae1d56717571598f731d815ec22c 127.0.0.1:43013@53013,,tls-port=0,shard-id=e687edbcab379eb06397d144fd22d9f0d8b21133 master,fail - 1785206030545 1785206028000 14 connected
c0a5722dac9e1423a04ebf655541420084ae8b4b 127.0.0.1:43092@53092,,tls-port=0,shard-id=4d3be97075c54072c232fb80bc17d3cee950f0af slave 3ddb1fe2068972118cc55983341295f829d715cc 0 1785206151000 29 connected
718d830c262a23ffeb38e0f8f886b8a7639a7c0d 127.0.0.1:43030@53030,,tls-port=0,shard-id=29614ee19ea1b84d720c76dc2f0412b174d3b6d6 master - 0 1785206152000 31 connected 9830-10157
c971aa1d062b0939c6a377fdacd774f6cfd3f5c6 127.0.0.1:43096@53096,,tls-port=0,shard-id=765307815d3def2cbc18aba6936aefa372ae660b master - 0 1785206151518 109 connected 328-654
a1e96ea2f4ab5bb2b439c0d709e7f1229d4867d0 127.0.0.1:43008@53008,,tls-port=0,shard-id=1f1730c03293666312fb6e2e8370621227fb9332 master,fail - 1785206030545 1785206028000 26 connected
3dcea49aecc401816c6f32f070029fea63cda28b 127.0.0.1:43033@53033,,tls-port=0,shard-id=8f41191bb0b54a0150d6d76fef5a54e15692409d master - 0 1785206152526 34 connected 10813-11140
81487c0f773ac8ae9815f23483de9a68c9fe2906 127.0.0.1:43065@53065,,tls-port=0,shard-id=b8a9c44ceb30b3179a7bc251382b3d62180165cd slave 4c3b73d091cba61cccbf9ec390d61d8c32c3be53 0 1785206151000 40 connected
25cbe30aa8f75982942e36df0cfbe6f1ba2f4fad 127.0.0.1:43069@53069,,tls-port=0,shard-id=acf022a55590d83c45583a7a6d78a3b7a94983cb slave d14a79794e64afb37a60bedbfc01bbd3e7b8a762 0 1785206152527 17 connected
53aab6310f61f156758427c2a67c74b51cfc2887 127.0.0.1:43043@53043,,tls-port=0,shard-id=d17da985b5a58feed4de8b384d83fb1222722938 master - 0 1785206151000 44 connected 14090-14417
7f20e7764845bf5654d1596274d0ca97bd04e111 192.168.139.2:43090@53090,,tls-port=0,shard-id=8c5cc9b2e62527b8ab13ab4390d07762110f7351 myself,master - 0 0 101 connected 2294-2620
3e8507f76ce24e3c05b1773367229e46dbd6b9e4 127.0.0.1:43044@53044,,tls-port=0,shard-id=96ebe13015200e2f82feb484ad7b630fd12ad1e2 master - 0 1785206151000 45 connected 14418-14745
297f19bae932c1c3cbbe8c49309e0a0299329f7c 127.0.0.1:43027@53027,,tls-port=0,shard-id=f49d9c04ce857c2fed32aaf23ba52fff7946876c master - 0 1785206152527 28 connected 8847-9174
59f20449ceca23f95676b637ee019862bf57e3e8 127.0.0.1:43081@53081,,tls-port=0,shard-id=5b6eb6a0ef7b13eb273dcd0adac280a6b2f15b09 slave 5427d443812b4875185e1be099e7ec3196bd9e55 0 1785206152527 49 connected
56e31b46022430fc0432bf9eb84f76367ee78d29 127.0.0.1:43093@53093,,tls-port=0,shard-id=2545989db1289eb45d89d68b7d8b4934033076a0 slave 021ff45debda42c9d0c6ec4d38697756bc7282c9 0 1785206151518 27 connected
b17d42107957413c3afa216b0fd2a40efd894914 127.0.0.1:43035@53035,,tls-port=0,shard-id=ff2088e9463bddb05136636a9b3d2e6922470d34 master - 0 1785206152527 36 connected 11469-11795
d7ddb529bcc2d193d8662f4f3978f20ae3a31a1c 127.0.0.1:43071@53071,,tls-port=0,shard-id=4e40fb3f236d65514aba4a9ddc33f48e8c79ddf3 master - 0 1785206152000 106 connected 3932-4259
e8ddc1fc4f148fccdf7188ebcab1251bca7d0b03 127.0.0.1:43068@53068,,tls-port=0,shard-id=9818cf0aab2d7a576d1c6f544769155117501059 slave b3bda9ded66705c6f4ef9ec90165780261c9a774 0 1785206151000 39 connected
485ac6326fa59e17338be9595a2c7e20de7496b6 127.0.0.1:43059@53059,,tls-port=0,shard-id=4069140c9f67c9976bce714778abd30231af496c slave 11206996aa4fcb134fc1450c61e1b77fd1554313 0 1785206151518 48 connected
535f95685df0883fd0c118fc44a09655fe0570ad 127.0.0.1:43083@53083,,tls-port=0,shard-id=7fcfb0caf9d26d28580b9ae161ebe57c99fce995 master - 0 1785206151520 116 connected 10486-10812
a9847f0b7ddd80dd39278494af56404062388804 127.0.0.1:43063@53063,,tls-port=0,shard-id=4287c9090d6e645b3a3e2a89f25b014df6112693 slave 84cc001a0a60b9cc353c6373885b9a4df2bf0c05 0 1785206151518 23 connected
26157fdb9cdd79e00740e39a03c7e2dd298a42d6 127.0.0.1:43079@53079,,tls-port=0,shard-id=4afe26041db6af568b81298ed1b5dddd91d2928e slave,fail 1b42b1b2814cd4cdf845c58d3dee8b06bdc1e2fa 1785206098706 1785206096167 22 connected
b478f80dab953e9c2b150f692a5bf05baeef5ca3 127.0.0.1:43052@53052,,tls-port=0,shard-id=ebda520828bde86096e0ba5d50909d6468dfbfd9 master - 0 1785206151000 112 connected 4588-4914
eb1adddd867d0abf5057c145297088713e01ff60 127.0.0.1:43097@53097,,tls-port=0,shard-id=11c3bba5a76fb49eab79dc65a5350bc1c3831cc3 master - 0 1785206151519 103 connected 3277-3603
aa34ea70a67865b6e155de387193f9bad86e88ad 127.0.0.1:43004@53004,,tls-port=0,shard-id=d062b5ab2273b1ec1dc918821b70c481da4173d7 master,fail - 1785206031059 1785206028513 5 disconnected
1f729d497177a475cad5ff227b6b52c03393b2e3 127.0.0.1:43078@53078,,tls-port=0,shard-id=2213ac2bc62566111f055dc88b4c15b0638ed1af slave d7781ef484f388b3b6d54912e5fdefe9391ca53b 0 1785206151518 24 connected
57681be645364799c435291e3e6f970c6efc47c8 127.0.0.1:43054@53054,,tls-port=0,shard-id=8f41191bb0b54a0150d6d76fef5a54e15692409d slave,fail 3dcea49aecc401816c6f32f070029fea63cda28b 1785206085094 1785206082565 34 disconnected
dce92a45cc533ba31aedb4cae4901f7a6f0ca9f6 127.0.0.1:43015@53015,,tls-port=0,shard-id=cf4c4ae80787b5a48ceaad9efa4119b804987db3 master - 0 1785206151000 16 connected 4915-5242
51a1d3fa100e443bcf207bc815881cb1da0ffa6f 127.0.0.1:43053@53053,,tls-port=0,shard-id=94a412ad143eeff2a3200cdb52f5488a5bf43e3f slave 75ec0e6e491ea57ba462e81c2b73d9524dd3339a 0 1785206151000 37 connected
eda04462ed7666bbfa913d5cd2a069e5c18edc4b 127.0.0.1:43009@53009,,tls-port=0,shard-id=3fdf54b1dfe8dba6e6be0f11f8e66729901e5f15 master,fail - 1785206031059 1785206028514 10 connected
5427d443812b4875185e1be099e7ec3196bd9e55 127.0.0.1:43048@53048,,tls-port=0,shard-id=5b6eb6a0ef7b13eb273dcd0adac280a6b2f15b09 master - 0 1785206152000 49 connected 15729-16055
11206996aa4fcb134fc1450c61e1b77fd1554313 127.0.0.1:43047@53047,,tls-port=0,shard-id=4069140c9f67c9976bce714778abd30231af496c master - 0 1785206152527 48 connected 15401-15728
66b22648b675bd3ba177c193c35be786d2a59ebb 127.0.0.1:43003@53003,,tls-port=0,shard-id=f7c458fa6aabcd9d74fb4ae59a4a7876357e1d20 master,fail - 1785206030545 1785206028000 4 connected
c07bd78cbc3ba30f36cfaf78b5305485eb5cc0ec 127.0.0.1:43084@53084,,tls-port=0,shard-id=ed38d124e0509d98c13129a4b1a513315eb0f63e master - 0 1785206151000 111 connected 0-327
9865788c3cf3d5f80a9c0e012e6b78d21241598d 127.0.0.1:43040@53040,,tls-port=0,shard-id=e1f06c898fa17e1976b4b452dd7c865b6afc76b1 master - 0 1785206152000 41 connected 13107-13434
021ff45debda42c9d0c6ec4d38697756bc7282c9 127.0.0.1:43026@53026,,tls-port=0,shard-id=2545989db1289eb45d89d68b7d8b4934033076a0 master - 0 1785206152000 27 connected 8520-8846
e8288695c5a593fe5a0c11c47d868354a88051cc 127.0.0.1:43072@53072,,tls-port=0,shard-id=9b5960f4283de70a25b57c7196754e60a62a4da5 master - 0 1785206152527 113 connected 655-982
d7596d758dd12949a868078140cfade9aa56cd80 127.0.0.1:43041@53041,,tls-port=0,shard-id=dff3179cfe139682dd5b35c7580a93d24d27c3dd master - 0 1785206151000 42 connected 13435-13762
c7297d8cbb3bb11b7e1abdbb5c48637723565737 127.0.0.1:43058@53058,,tls-port=0,shard-id=32c43e406be2d2088928e6a26097849163186bed slave 136b3659d7015aa6d3740a2c7a9414e9e693d991 0 1785206152000 18 connected
a3998998af2d03552bbd766206c5fd7ec8144f26 127.0.0.1:43050@53050,,tls-port=0,shard-id=cf4c4ae80787b5a48ceaad9efa4119b804987db3 slave dce92a45cc533ba31aedb4cae4901f7a6f0ca9f6 0 1785206151519 16 connected
af9224f6c6b3997f3174cb05a62c89ceaf03f742 127.0.0.1:43064@53064,,tls-port=0,shard-id=3fdf54b1dfe8dba6e6be0f11f8e66729901e5f15 master - 0 1785206151518 105 connected 2949-3276
d2b987762bd0686a5d0102a9803ef96cb103ff9c 127.0.0.1:43014@53014,,tls-port=0,shard-id=ebda520828bde86096e0ba5d50909d6468dfbfd9 master,fail - 1785206030545 1785206028000 15 disconnected
d14a79794e64afb37a60bedbfc01bbd3e7b8a762 127.0.0.1:43016@53016,,tls-port=0,shard-id=acf022a55590d83c45583a7a6d78a3b7a94983cb master - 0 1785206152526 17 connected 5243-5570
75ec0e6e491ea57ba462e81c2b73d9524dd3339a 127.0.0.1:43036@53036,,tls-port=0,shard-id=94a412ad143eeff2a3200cdb52f5488a5bf43e3f master - 0 1785206152000 37 connected 11796-12123
45690b52f7d2661fa983771a9cc9367851f84ee5 127.0.0.1:43086@53086,,tls-port=0,shard-id=fcd4b79d1fb01fed39ae28558a0e74dd481b1fc3 slave a106173d75a7c194fc248d3b52e4b033f6c3ce81 0 1785206151518 26 connected
1b42b1b2814cd4cdf845c58d3dee8b06bdc1e2fa 127.0.0.1:43021@53021,,tls-port=0,shard-id=4afe26041db6af568b81298ed1b5dddd91d2928e master - 0 1785206151518 22 connected 6881-7208
b1a8885405e9f0cf0198ac3b59cc78334655951e 127.0.0.1:43074@53074,,tls-port=0,shard-id=dff3179cfe139682dd5b35c7580a93d24d27c3dd slave d7596d758dd12949a868078140cfade9aa56cd80 0 1785206152526 42 connected
d6b970fb996252a329b28befa5da9b3a0de5cbd6 127.0.0.1:43045@53045,,tls-port=0,shard-id=87894ddbdc93b64b7eb9f878942726b6766e8200 master - 0 1785206151518 46 connected 14746-15072
f2a5d1ec510a03b3fab9a1361f64dae29e354e1f 127.0.0.1:43055@53055,,tls-port=0,shard-id=d14734748c2c4e4d5b304c8601e83923ea7bd946 slave 6ef8138d923af73cd9b5795e2e159369dc7576e6 0 1785206151000 21 connected

------ CLIENT LIST OUTPUT ------

------ MODULES INFO OUTPUT ------

------ CONFIG DEBUG OUTPUT ------
slave-read-only yes
replica-read-only yes
lazyfree-lazy-user-flush yes
lazyfree-lazy-server-del yes
lazyfree-lazy-expire yes
activedefrag no
sanitize-dump-payload no
import-mode no
dual-channel-replication-enabled no
client-query-buffer-limit 1gb
repl-diskless-sync yes
proto-max-bulk-len 512mb
repl-diskless-load disabled
lazyfree-lazy-user-del yes
io-threads 1
lazyfree-lazy-eviction yes
debug-context ""
list-compress-depth 0

------ FAST MEMORY TEST ------
1:M 28 Jul 2026 02:35:52.955 # Bio worker thread #0 terminated
1:M 28 Jul 2026 02:35:52.955 # Bio worker thread #1 terminated
1:M 28 Jul 2026 02:35:52.955 # Bio worker thread #2 terminated
1:M 28 Jul 2026 02:35:52.955 # Bio worker thread #3 terminated
*** Preparing to test memory region aaaad45cc000 (786432 bytes)
*** Preparing to test memory region aaaaff71a000 (471040 bytes)
*** Preparing to test memory region ffff84000000 (135168 bytes)
*** Preparing to test memory region ffff89a00000 (8388608 bytes)
*** Preparing to test memory region ffff8a200000 (2097152 bytes)
*** Preparing to test memory region ffff8a600000 (8388608 bytes)
*** Preparing to test memory region ffff8ae00000 (6291456 bytes)
*** Preparing to test memory region ffff8b4c0000 (8388608 bytes)
*** Preparing to test memory region ffff8bcd0000 (8388608 bytes)
*** Preparing to test memory region ffff8c4e0000 (8388608 bytes)
*** Preparing to test memory region ffff8ccf0000 (8388608 bytes)
*** Preparing to test memory region ffff8d500000 (8388608 bytes)
*** Preparing to test memory region ffff8dd00000 (17825792 bytes)
*** Preparing to test memory region ffff8f152000 (53248 bytes)
*** Preparing to test memory region ffff8f763000 (12288 bytes)
*** Preparing to test memory region ffff8faad000 (28672 bytes)
*** Preparing to test memory region ffff8fab6000 (8192 bytes)
*** Preparing to test memory region ffff8fac1000 (4096 bytes)
.O.O.O.O.O.O.O.O.O.O.O.O.O.O.O.O.O.O
Fast memory test PASSED, however your memory can still be broken. Please run a memory test for several hours if possible.

=== VALKEY BUG REPORT END. Make sure to include from START to END. ===

       Please report the crash by opening an issue on github:

           https://github.com/valkey-io/valkey/issues

  If a module was involved, please open in the module's repo instead.

  Suspect RAM error? Use valkey-server --test-memory to verify it.

  Some other issues could be detected by valkey-server --check-system
1:M 28 Jul 2026 02:44:45.683 * oO0OoO0OoO0Oo Valkey is starting oO0OoO0OoO0Oo
1:M 28 Jul 2026 02:44:45.683 * Valkey version=9.0.5, bits=64, commit=00000000, modified=0, pid=1, just started
1:M 28 Jul 2026 02:44:45.683 * Configuration loaded
1:M 28 Jul 2026 02:44:45.683 * monotonic clock: POSIX clock_gettime
1:M 28 Jul 2026 02:44:45.683 * Running mode=cluster, port=43090.
1:M 28 Jul 2026 02:44:45.684 * Node configuration loaded, I'm 7f20e7764845bf5654d1596274d0ca97bd04e111
1:M 28 Jul 2026 02:44:45.684 * Server initialized
1:M 28 Jul 2026 02:44:45.684 * Cleaning slot migration log in anticipation of a load operation.
1:M 28 Jul 2026 02:44:45.684 * Loading RDB produced by Valkey version 9.0.5
1:M 28 Jul 2026 02:44:45.684 * RDB age 811 seconds
1:M 28 Jul 2026 02:44:45.684 * RDB memory usage when created 3.35 Mb
1:M 28 Jul 2026 02:44:45.684 * Done loading RDB, keys loaded: 0, keys expired: 0.
1:M 28 Jul 2026 02:44:45.684 * DB loaded from disk: 0.000 seconds
1:M 28 Jul 2026 02:44:45.684 * Ready to accept connections tcp
1:M 28 Jul 2026 02:44:45.687 * Reconfiguring node 8f01fa1ac060f63a1e1e6f38deb5b3aa4966c4ba () as primary for shard e7a548fb030fdd770e86255cfa22d209e82e7461
1:M 28 Jul 2026 02:44:45.687 * Mismatch in topology information for sender node 8f01fa1ac060f63a1e1e6f38deb5b3aa4966c4ba () in shard e7a548fb030fdd770e86255cfa22d209e82e7461
1:M 28 Jul 2026 02:44:45.687 * Reconfiguring node c7297d8cbb3bb11b7e1abdbb5c48637723565737 () as primary for shard 32c43e406be2d2088928e6a26097849163186bed
1:M 28 Jul 2026 02:44:45.687 * Mismatch in topology information for sender node c7297d8cbb3bb11b7e1abdbb5c48637723565737 () in shard 32c43e406be2d2088928e6a26097849163186bed
1:M 28 Jul 2026 02:44:45.688 * Reconfiguring node f02f87bd9ea39554aa33d0d2801e1a37deac18cb () as primary for shard f49d9c04ce857c2fed32aaf23ba52fff7946876c
1:M 28 Jul 2026 02:44:45.688 * Mismatch in topology information for sender node f02f87bd9ea39554aa33d0d2801e1a37deac18cb () in shard f49d9c04ce857c2fed32aaf23ba52fff7946876c
1:M 28 Jul 2026 02:44:45.688 * Reconfiguring node a3998998af2d03552bbd766206c5fd7ec8144f26 () as primary for shard cf4c4ae80787b5a48ceaad9efa4119b804987db3
1:M 28 Jul 2026 02:44:45.688 * Mismatch in topology information for sender node a3998998af2d03552bbd766206c5fd7ec8144f26 () in shard cf4c4ae80787b5a48ceaad9efa4119b804987db3
1:M 28 Jul 2026 02:44:45.688 * Reconfiguring node a9847f0b7ddd80dd39278494af56404062388804 () as primary for shard 4287c9090d6e645b3a3e2a89f25b014df6112693
1:M 28 Jul 2026 02:44:45.688 * Mismatch in topology information for sender node a9847f0b7ddd80dd39278494af56404062388804 () in shard 4287c9090d6e645b3a3e2a89f25b014df6112693
1:M 28 Jul 2026 02:44:45.688 * Reconfiguring node dbcf7735aa4d7cb71d6a05045da14a06a90a3537 () as primary for shard ff2088e9463bddb05136636a9b3d2e6922470d34
1:M 28 Jul 2026 02:44:45.688 * Mismatch in topology information for sender node dbcf7735aa4d7cb71d6a05045da14a06a90a3537 () in shard ff2088e9463bddb05136636a9b3d2e6922470d34
1:M 28 Jul 2026 02:44:45.688 * Reconfiguring node 59f20449ceca23f95676b637ee019862bf57e3e8 () as primary for shard 5b6eb6a0ef7b13eb273dcd0adac280a6b2f15b09
1:M 28 Jul 2026 02:44:45.688 * Mismatch in topology information for sender node 59f20449ceca23f95676b637ee019862bf57e3e8 () in shard 5b6eb6a0ef7b13eb273dcd0adac280a6b2f15b09
1:M 28 Jul 2026 02:44:45.688 * Reconfiguring node 45690b52f7d2661fa983771a9cc9367851f84ee5 () as primary for shard fcd4b79d1fb01fed39ae28558a0e74dd481b1fc3
1:M 28 Jul 2026 02:44:45.688 * Mismatch in topology information for sender node 45690b52f7d2661fa983771a9cc9367851f84ee5 () in shard fcd4b79d1fb01fed39ae28558a0e74dd481b1fc3
1:M 28 Jul 2026 02:44:45.688 * Reconfiguring node 750d0d274daeb523c13bc398f9db981451ca4d74 () as primary for shard f759289807839578713497843a5e0e2b7100e2bb
1:M 28 Jul 2026 02:44:45.688 * Mismatch in topology information for sender node 750d0d274daeb523c13bc398f9db981451ca4d74 () in shard f759289807839578713497843a5e0e2b7100e2bb
1:M 28 Jul 2026 02:44:45.689 * Reconfiguring node 51a1d3fa100e443bcf207bc815881cb1da0ffa6f () as primary for shard 94a412ad143eeff2a3200cdb52f5488a5bf43e3f
1:M 28 Jul 2026 02:44:45.689 * Mismatch in topology information for sender node 51a1d3fa100e443bcf207bc815881cb1da0ffa6f () in shard 94a412ad143eeff2a3200cdb52f5488a5bf43e3f
1:M 28 Jul 2026 02:44:45.689 * Reconfiguring node 3409cbd8762fc86a9abc1ece82b14c30b5732e86 () as primary for shard d17da985b5a58feed4de8b384d83fb1222722938
1:M 28 Jul 2026 02:44:45.689 * Mismatch in topology information for sender node 3409cbd8762fc86a9abc1ece82b14c30b5732e86 () in shard d17da985b5a58feed4de8b384d83fb1222722938
1:M 28 Jul 2026 02:44:45.689 * Reconfiguring node a34f88b3c0a2a77332e1b336f504dddc627aede4 () as primary for shard 96ebe13015200e2f82feb484ad7b630fd12ad1e2
1:M 28 Jul 2026 02:44:45.689 * Mismatch in topology information for sender node a34f88b3c0a2a77332e1b336f504dddc627aede4 () in shard 96ebe13015200e2f82feb484ad7b630fd12ad1e2
1:M 28 Jul 2026 02:44:45.775 * Reconfiguring node 3895c34265422f7dcf5c4ec6decdb10791e812d7 () as primary for shard 54722357347eabd60b46e009cb824e819c639b5f
1:M 28 Jul 2026 02:44:45.775 * Mismatch in topology information for sender node 3895c34265422f7dcf5c4ec6decdb10791e812d7 () in shard 54722357347eabd60b46e009cb824e819c639b5f
1:M 28 Jul 2026 02:44:45.992 * Clear FAIL state for node 26157fdb9cdd79e00740e39a03c7e2dd298a42d6 (): replica is reachable again.
1:M 28 Jul 2026 02:44:46.298 * Clear FAIL state for node 32de53c275041a32b70fa3a1a78909a5dbc79f31 (): replica is reachable again.
1:M 28 Jul 2026 02:44:46.500 * Clear FAIL state for node 57681be645364799c435291e3e6f970c6efc47c8 (): replica is reachable again.
1:M 28 Jul 2026 02:44:46.606 * Mismatch in topology information for sender node 5427d443812b4875185e1be099e7ec3196bd9e55 () in shard 5b6eb6a0ef7b13eb273dcd0adac280a6b2f15b09
1:M 28 Jul 2026 02:44:46.624 * Node 5427d443812b4875185e1be099e7ec3196bd9e55 () is now a replica of node 59f20449ceca23f95676b637ee019862bf57e3e8 () in shard 5b6eb6a0ef7b13eb273dcd0adac280a6b2f15b09
1:M 28 Jul 2026 02:44:46.707 * Mismatch in topology information for sender node 3e8507f76ce24e3c05b1773367229e46dbd6b9e4 () in shard 96ebe13015200e2f82feb484ad7b630fd12ad1e2
1:M 28 Jul 2026 02:44:46.728 * Node 3e8507f76ce24e3c05b1773367229e46dbd6b9e4 () is now a replica of node a34f88b3c0a2a77332e1b336f504dddc627aede4 () in shard 96ebe13015200e2f82feb484ad7b630fd12ad1e2
1:M 28 Jul 2026 02:44:46.828 * Mismatch in topology information for sender node 53aab6310f61f156758427c2a67c74b51cfc2887 () in shard d17da985b5a58feed4de8b384d83fb1222722938
1:M 28 Jul 2026 02:44:46.854 * Node 53aab6310f61f156758427c2a67c74b51cfc2887 () is now a replica of node 3409cbd8762fc86a9abc1ece82b14c30b5732e86 () in shard d17da985b5a58feed4de8b384d83fb1222722938
1:M 28 Jul 2026 02:44:46.989 * Mismatch in topology information for sender node 47332c36b84f555b239fdaa5c549b52936b2240b () in shard f759289807839578713497843a5e0e2b7100e2bb
1:M 28 Jul 2026 02:44:47.007 * Node 47332c36b84f555b239fdaa5c549b52936b2240b () is now a replica of node 750d0d274daeb523c13bc398f9db981451ca4d74 () in shard f759289807839578713497843a5e0e2b7100e2bb
1:M 28 Jul 2026 02:44:47.064 * Mismatch in topology information for sender node 75ec0e6e491ea57ba462e81c2b73d9524dd3339a () in shard 94a412ad143eeff2a3200cdb52f5488a5bf43e3f
1:M 28 Jul 2026 02:44:47.084 * Node 75ec0e6e491ea57ba462e81c2b73d9524dd3339a () is now a replica of node 51a1d3fa100e443bcf207bc815881cb1da0ffa6f () in shard 94a412ad143eeff2a3200cdb52f5488a5bf43e3f
1:M 28 Jul 2026 02:44:47.164 * Mismatch in topology information for sender node b17d42107957413c3afa216b0fd2a40efd894914 () in shard ff2088e9463bddb05136636a9b3d2e6922470d34
1:M 28 Jul 2026 02:44:47.206 * Node b17d42107957413c3afa216b0fd2a40efd894914 () is now a replica of node dbcf7735aa4d7cb71d6a05045da14a06a90a3537 () in shard ff2088e9463bddb05136636a9b3d2e6922470d34
1:M 28 Jul 2026 02:44:47.317 * Mismatch in topology information for sender node b89efb2979df9746755510be7f43f627833d2e80 () in shard 7fcfb0caf9d26d28580b9ae161ebe57c99fce995
1:M 28 Jul 2026 02:44:47.328 * Clear FAIL state for node b89efb2979df9746755510be7f43f627833d2e80 (): primary without slots is reachable again.
1:M 28 Jul 2026 02:44:47.328 * Node b89efb2979df9746755510be7f43f627833d2e80 () is now a replica of node 535f95685df0883fd0c118fc44a09655fe0570ad () in shard 7fcfb0caf9d26d28580b9ae161ebe57c99fce995
1:M 28 Jul 2026 02:44:47.456 * Mismatch in topology information for sender node 4861be930809bc8dcd53f03e268f7a44b9371d35 () in shard 54722357347eabd60b46e009cb824e819c639b5f
1:M 28 Jul 2026 02:44:47.492 * Node 4861be930809bc8dcd53f03e268f7a44b9371d35 () is now a replica of node 3895c34265422f7dcf5c4ec6decdb10791e812d7 () in shard 54722357347eabd60b46e009cb824e819c639b5f
1:M 28 Jul 2026 02:44:47.567 * Mismatch in topology information for sender node 297f19bae932c1c3cbbe8c49309e0a0299329f7c () in shard f49d9c04ce857c2fed32aaf23ba52fff7946876c
1:M 28 Jul 2026 02:44:47.571 * Node 297f19bae932c1c3cbbe8c49309e0a0299329f7c () is now a replica of node f02f87bd9ea39554aa33d0d2801e1a37deac18cb () in shard f49d9c04ce857c2fed32aaf23ba52fff7946876c
1:M 28 Jul 2026 02:44:47.630 * Mismatch in topology information for sender node a106173d75a7c194fc248d3b52e4b033f6c3ce81 () in shard fcd4b79d1fb01fed39ae28558a0e74dd481b1fc3
1:M 28 Jul 2026 02:44:47.656 * Node a106173d75a7c194fc248d3b52e4b033f6c3ce81 () is now a replica of node 45690b52f7d2661fa983771a9cc9367851f84ee5 () in shard fcd4b79d1fb01fed39ae28558a0e74dd481b1fc3
1:M 28 Jul 2026 02:44:47.706 * Mismatch in topology information for sender node 84cc001a0a60b9cc353c6373885b9a4df2bf0c05 () in shard 4287c9090d6e645b3a3e2a89f25b014df6112693
1:M 28 Jul 2026 02:44:47.718 * Node 84cc001a0a60b9cc353c6373885b9a4df2bf0c05 () is now a replica of node a9847f0b7ddd80dd39278494af56404062388804 () in shard 4287c9090d6e645b3a3e2a89f25b014df6112693
1:M 28 Jul 2026 02:44:47.719 * Cluster state changed: ok
1:M 28 Jul 2026 02:44:47.781 * Mismatch in topology information for sender node 91462d5c46d4f689c816acbd1bafc885d719ebdf () in shard e7a548fb030fdd770e86255cfa22d209e82e7461
1:M 28 Jul 2026 02:44:47.789 * Node 91462d5c46d4f689c816acbd1bafc885d719ebdf () is now a replica of node 8f01fa1ac060f63a1e1e6f38deb5b3aa4966c4ba () in shard e7a548fb030fdd770e86255cfa22d209e82e7461
1:M 28 Jul 2026 02:44:47.907 * Mismatch in topology information for sender node 136b3659d7015aa6d3740a2c7a9414e9e693d991 () in shard 32c43e406be2d2088928e6a26097849163186bed
1:M 28 Jul 2026 02:44:47.917 * Node 136b3659d7015aa6d3740a2c7a9414e9e693d991 () is now a replica of node c7297d8cbb3bb11b7e1abdbb5c48637723565737 () in shard 32c43e406be2d2088928e6a26097849163186bed
1:M 28 Jul 2026 02:44:47.989 * Mismatch in topology information for sender node dce92a45cc533ba31aedb4cae4901f7a6f0ca9f6 () in shard cf4c4ae80787b5a48ceaad9efa4119b804987db3
1:M 28 Jul 2026 02:44:48.013 * Node dce92a45cc533ba31aedb4cae4901f7a6f0ca9f6 () is now a replica of node a3998998af2d03552bbd766206c5fd7ec8144f26 () in shard cf4c4ae80787b5a48ceaad9efa4119b804987db3
1:M 28 Jul 2026 02:44:54.051 * FAIL message received from 4c14979bf06ab5c5c3cf869f2ab3330e81c69fc8 () about b478f80dab953e9c2b150f692a5bf05baeef5ca3 ()
1:M 28 Jul 2026 02:44:54.051 # Cluster state changed: fail
1:M 28 Jul 2026 02:44:54.051 # Cluster is currently down: At least one hash slot is not served by any available node. Please check the 'cluster-require-full-coverage' configuration.
1:M 28 Jul 2026 02:45:28.121 * Marking node c7297d8cbb3bb11b7e1abdbb5c48637723565737 () as failing (quorum reached).
1:M 28 Jul 2026 02:45:28.438 * Failover auth granted to 136b3659d7015aa6d3740a2c7a9414e9e693d991 () for epoch 130
1:M 28 Jul 2026 02:45:28.479 * Reconfiguring node 136b3659d7015aa6d3740a2c7a9414e9e693d991 () as primary for shard 32c43e406be2d2088928e6a26097849163186bed
1:M 28 Jul 2026 02:45:28.479 * Mismatch in topology information for sender node 136b3659d7015aa6d3740a2c7a9414e9e693d991 () in shard 32c43e406be2d2088928e6a26097849163186bed
1:M 28 Jul 2026 02:45:36.517 * IP address for this node updated to 192.168.139.2


=== VALKEY BUG REPORT START: Cut & paste starting from here ===
1:M 28 Jul 2026 02:45:36.517 # === ASSERTION FAILED ===
1:M 28 Jul 2026 02:45:36.517 # ==> cluster_legacy.c:3842 'link != sender->link' is not true

------ STACK TRACE ------

1 valkey-server *
valkey-server *:43090 [cluster](clusterProcessPacket+0x15f4) [0xaaaadad29ff4]
valkey-server *:43090 [cluster](clusterReadHandler+0x12c) [0xaaaadad2a3ac]
valkey-server *:43090 [cluster](+0x1fff90) [0xaaaadadbff90]
valkey-server *:43090 [cluster](aeMain+0x94) [0xaaaadac5d978]
valkey-server *:43090 [cluster](main+0x4ac) [0xaaaadac533cc]
/lib/aarch64-linux-gnu/libc.so.6(+0x2225c) [0xffff82c6225c]
/lib/aarch64-linux-gnu/libc.so.6(__libc_start_main+0x9c) [0xffff82c6233c]
valkey-server *:43090 [cluster](_start+0x30) [0xaaaadac53bf0]

16 bio_rdb_save
/lib/aarch64-linux-gnu/libc.so.6(+0x8ef6c) [0xffff82ccef6c]
/lib/aarch64-linux-gnu/libc.so.6(+0x82618) [0xffff82cc2618]
/lib/aarch64-linux-gnu/libc.so.6(+0x829b0) [0xffff82cc29b0]
/lib/aarch64-linux-gnu/libc.so.6(pthread_cond_wait+0x164) [0xffff82cc53ac]
valkey-server *:43090 [cluster](bioProcessBackgroundJobs+0x178) [0xaaaadad41f08]
/lib/aarch64-linux-gnu/libc.so.6(+0x85f38) [0xffff82cc5f38]
/lib/aarch64-linux-gnu/libc.so.6(+0xedc2c) [0xffff82d2dc2c]

13 bio_close_file
/lib/aarch64-linux-gnu/libc.so.6(+0x8ef6c) [0xffff82ccef6c]
/lib/aarch64-linux-gnu/libc.so.6(+0x82618) [0xffff82cc2618]
/lib/aarch64-linux-gnu/libc.so.6(+0x829b0) [0xffff82cc29b0]
/lib/aarch64-linux-gnu/libc.so.6(pthread_cond_wait+0x164) [0xffff82cc53ac]
valkey-server *:43090 [cluster](bioProcessBackgroundJobs+0x178) [0xaaaadad41f08]
/lib/aarch64-linux-gnu/libc.so.6(+0x85f38) [0xffff82cc5f38]
/lib/aarch64-linux-gnu/libc.so.6(+0xedc2c) [0xffff82d2dc2c]

15 bio_lazy_free
/lib/aarch64-linux-gnu/libc.so.6(+0x8ef6c) [0xffff82ccef6c]
/lib/aarch64-linux-gnu/libc.so.6(+0x82618) [0xffff82cc2618]
/lib/aarch64-linux-gnu/libc.so.6(+0x829b0) [0xffff82cc29b0]
/lib/aarch64-linux-gnu/libc.so.6(pthread_cond_wait+0x164) [0xffff82cc53ac]
valkey-server *:43090 [cluster](bioProcessBackgroundJobs+0x178) [0xaaaadad41f08]
/lib/aarch64-linux-gnu/libc.so.6(+0x85f38) [0xffff82cc5f38]
/lib/aarch64-linux-gnu/libc.so.6(+0xedc2c) [0xffff82d2dc2c]

14 bio_aof
/lib/aarch64-linux-gnu/libc.so.6(+0x8ef6c) [0xffff82ccef6c]
/lib/aarch64-linux-gnu/libc.so.6(+0x82618) [0xffff82cc2618]
/lib/aarch64-linux-gnu/libc.so.6(+0x829b0) [0xffff82cc29b0]
/lib/aarch64-linux-gnu/libc.so.6(pthread_cond_wait+0x164) [0xffff82cc53ac]
valkey-server *:43090 [cluster](bioProcessBackgroundJobs+0x178) [0xaaaadad41f08]
/lib/aarch64-linux-gnu/libc.so.6(+0x85f38) [0xffff82cc5f38]
/lib/aarch64-linux-gnu/libc.so.6(+0xedc2c) [0xffff82d2dc2c]

5/5 expected stacktraces.

------ STACK TRACE DONE ------

------ INFO OUTPUT ------
# Server
redis_version:7.2.4
server_name:valkey
valkey_version:9.0.5
valkey_release_stage:ga
redis_git_sha1:00000000
redis_git_dirty:0
redis_build_id:5cc62005049790f0
server_mode:cluster
os:Linux 7.0.11-orbstack-00360-gc9bc4d96ac70 aarch64
arch_bits:64
monotonic_clock:POSIX clock_gettime
multiplexing_api:epoll
gcc_version:14.2.0
process_id:1
process_supervised:no
run_id:1cb37ab90b94650b4934fbaf2fc091dcad18252b
tcp_port:43090
server_time_usec:1785206736517767
uptime_in_seconds:51
uptime_in_days:0
hz:10
configured_hz:10
clients_hz:10
lru_clock:6821840
executable:/data/valkey-server
config_file:/data/node.conf
io_threads_active:0
availability_zone:
listener0:name=tcp,bind=*,bind=-::*,port=43090

# Clients
connected_clients:0
cluster_connections:198
maxclients:10000
client_recent_max_input_buffer:0
client_recent_max_output_buffer:0
blocked_clients:0
tracking_clients:0
pubsub_clients:0
watching_clients:0
clients_in_timeout_table:0
total_watched_keys:0
total_blocking_keys:0
total_blocking_keys_on_nokey:0
paused_reason:none
paused_actions:none
paused_timeout_milliseconds:0

# Memory
used_memory:3307040
used_memory_human:3.15M
used_memory_rss:15511552
used_memory_rss_human:14.79M
used_memory_peak:3495496
used_memory_peak_human:3.33M
used_memory_peak_perc:94.61%
used_memory_overhead:3226268
used_memory_startup:2765016
used_memory_dataset:80772
used_memory_dataset_perc:14.90%
allocator_allocated:3920232
allocator_active:11141120
allocator_resident:14876672
allocator_muzzy:0
total_system_memory:16818024448
total_system_memory_human:15.66G
used_memory_lua:32768
used_memory_vm_eval:32768
used_memory_lua_human:32.00K
used_memory_scripts_eval:0
number_of_cached_scripts:0
number_of_functions:0
number_of_libraries:0
used_memory_vm_functions:35840
used_memory_vm_total:68608
used_memory_vm_total_human:67.00K
used_memory_functions:240
used_memory_scripts:240
used_memory_scripts_human:240B
maxmemory:0
maxmemory_human:0B
maxmemory_policy:noeviction
allocator_frag_ratio:2.84
allocator_frag_bytes:7220888
allocator_rss_ratio:1.34
allocator_rss_bytes:3735552
rss_overhead_ratio:1.04
rss_overhead_bytes:634880
mem_fragmentation_ratio:4.70
mem_fragmentation_bytes:12212816
mem_not_counted_for_evict:0
mem_replication_backlog:4
mem_total_replication_buffers:0
mem_clients_slaves:0
mem_clients_normal:0
mem_cluster_links:198624
mem_cluster_slot_import:0
mem_cluster_slot_export:0
mem_aof_buffer:0
mem_allocator:jemalloc-5.3.0
mem_overhead_db_hashtable_rehashing:0
active_defrag_running:0
lazyfree_pending_objects:0
lazyfreed_objects:0

# Persistence
loading:0
async_loading:0
current_cow_peak:0
current_cow_size:0
current_cow_size_age:0
current_fork_perc:0.00
current_save_keys_processed:0
current_save_keys_total:0
rdb_changes_since_last_save:0
rdb_bgsave_in_progress:0
rdb_last_save_time:1785206685
rdb_last_bgsave_status:ok
rdb_last_bgsave_time_sec:-1
rdb_current_bgsave_time_sec:-1
rdb_saves:0
rdb_last_cow_size:0
rdb_last_load_keys_expired:0
rdb_last_load_keys_loaded:0
aof_enabled:0
aof_rewrite_in_progress:0
aof_rewrite_scheduled:0
aof_last_rewrite_time_sec:-1
aof_current_rewrite_time_sec:-1
aof_last_bgrewrite_status:ok
aof_rewrites:0
aof_rewrites_consecutive_failures:0
aof_last_write_status:ok
aof_last_cow_size:0
module_fork_in_progress:0
module_fork_last_cow_size:0
slot_migration_fork_in_progress:0

# Stats
total_connections_received:2
total_commands_processed:4
instantaneous_ops_per_sec:1
total_net_input_bytes:88
total_net_output_bytes:24586
total_net_repl_input_bytes:0
total_net_repl_output_bytes:0
total_net_cluster_slot_import_bytes:0
total_net_cluster_slot_export_bytes:0
instantaneous_input_kbps:0.03
instantaneous_output_kbps:7.44
instantaneous_input_repl_kbps:0.00
instantaneous_output_repl_kbps:0.00
rejected_connections:0
sync_full:0
sync_partial_ok:0
sync_partial_err:0
expired_keys:0
expired_fields:0
expired_stale_perc:0.00
expired_keys_with_volatile_items_stale_perc:0.00
expired_time_cap_reached_count:0
expire_cycle_cpu_milliseconds:0
evicted_keys:0
evicted_clients:0
evicted_scripts:0
total_eviction_exceeded_time:0
current_eviction_exceeded_time:0
keyspace_hits:0
keyspace_misses:0
pubsub_channels:0
pubsub_patterns:0
pubsubshard_channels:0
latest_fork_usec:0
total_forks:0
migrate_cached_sockets:0
slave_expires_tracked_keys:0
active_defrag_hits:0
active_defrag_misses:0
active_defrag_key_hits:0
active_defrag_key_misses:0
total_active_defrag_time:0
current_active_defrag_time:0
tracking_total_keys:0
tracking_total_items:0
tracking_total_prefixes:0
unexpected_error_replies:0
total_error_replies:0
dump_payload_sanitizations:0
total_reads_processed:6
total_writes_processed:4
io_threaded_reads_processed:0
io_threaded_writes_processed:0
io_threaded_freed_objects:0
io_threaded_accept_processed:0
io_threaded_poll_processed:0
io_threaded_total_prefetch_batches:0
io_threaded_total_prefetch_entries:0
client_query_buffer_limit_disconnections:0
client_output_buffer_limit_disconnections:0
reply_buffer_shrinks:0
reply_buffer_expands:0
eventloop_cycles:4916
eventloop_duration_sum:524845
eventloop_duration_cmd_sum:230
instantaneous_eventloop_cycles_per_sec:78
instantaneous_eventloop_duration_usec:116
acl_access_denied_auth:0
acl_access_denied_cmd:0
acl_access_denied_key:0
acl_access_denied_channel:0
acl_access_denied_tls_cert:0

# Replication
role:master
connected_slaves:0
replicas_waiting_psync:0
master_failover_state:no-failover
master_replid:991cda89c9c862701984c658990943276575f07a
master_replid2:fbf1f00146a378d41f85afa8392786d1a3ef75e7
master_repl_offset:14
second_repl_offset:15
repl_backlog_active:1
repl_backlog_size:10485760
repl_backlog_first_byte_offset:15
repl_backlog_histlen:0

# CPU
used_cpu_sys:0.232979
used_cpu_user:0.142061
used_cpu_sys_children:0.002059
used_cpu_user_children:0.000946
used_cpu_sys_main_thread:0.230338
used_cpu_user_main_thread:0.143321

# Modules

# Commandstats
cmdstat_dbsize:calls=2,usec=0,usec_per_call=0.00,rejected_calls=0,failed_calls=0
cmdstat_cluster|nodes:calls=2,usec=230,usec_per_call=115.00,rejected_calls=0,failed_calls=0

# Errorstats

# Latencystats
latency_percentiles_usec_dbsize:p50=0.001,p99=0.001,p99.9=0.001
latency_percentiles_usec_cluster|nodes:p50=105.471,p99=125.439,p99.9=125.439

# Cluster
cluster_enabled:1

# Keyspace

# Cluster info
cluster_state:fail
cluster_slots_assigned:16384
cluster_slots_ok:16057
cluster_slots_pfail:0
cluster_slots_fail:327
cluster_nodes_pfail:0
cluster_nodes_fail:17
cluster_voting_nodes_pfail:0
cluster_voting_nodes_fail:1
cluster_known_nodes:100
cluster_size:50
cluster_current_epoch:130
cluster_my_epoch:101
cluster_stats_messages_ping_sent:1067
cluster_stats_messages_pong_sent:1233
cluster_stats_messages_fail_sent:99
cluster_stats_messages_auth-ack_sent:1
cluster_stats_messages_update_sent:5
cluster_stats_messages_sent:2405
cluster_stats_messages_ping_received:1233
cluster_stats_messages_pong_received:1079
cluster_stats_messages_meet_received:1
cluster_stats_messages_fail_received:4
cluster_stats_messages_auth-req_received:1
cluster_stats_messages_received:2318
total_cluster_links_buffer_limit_exceeded:0

------ CLUSTER NODES OUTPUT ------
84cc001a0a60b9cc353c6373885b9a4df2bf0c05 127.0.0.1:43022@53022,,tls-port=0,shard-id=4287c9090d6e645b3a3e2a89f25b014df6112693 slave a9847f0b7ddd80dd39278494af56404062388804 0 1785206735000 127 connected
3dcea49aecc401816c6f32f070029fea63cda28b 127.0.0.1:43033@53033,,tls-port=0,shard-id=8f41191bb0b54a0150d6d76fef5a54e15692409d master - 0 1785206735000 34 connected 10813-11140
9af6004abaae9fca1446b47c324adcdb70e5a493 127.0.0.1:43000@53000,,tls-port=0,shard-id=ed38d124e0509d98c13129a4b1a513315eb0f63e master,fail - 1785206685684 1785206685684 1 connected
8680331d5f51caf2640170260bddd0f2ba300682 127.0.0.1:43010@53010,,tls-port=0,shard-id=11c3bba5a76fb49eab79dc65a5350bc1c3831cc3 master,fail - 1785206685684 1785206685684 11 connected
b3bda9ded66705c6f4ef9ec90165780261c9a774 127.0.0.1:43038@53038,,tls-port=0,shard-id=9818cf0aab2d7a576d1c6f544769155117501059 master - 0 1785206736000 39 connected 12452-12779
535f95685df0883fd0c118fc44a09655fe0570ad 127.0.0.1:43083@53083,,tls-port=0,shard-id=7fcfb0caf9d26d28580b9ae161ebe57c99fce995 master - 0 1785206734576 116 connected 10486-10812
d7ddb529bcc2d193d8662f4f3978f20ae3a31a1c 127.0.0.1:43071@53071,,tls-port=0,shard-id=4e40fb3f236d65514aba4a9ddc33f48e8c79ddf3 master - 0 1785206735522 106 connected 3932-4259
5427d443812b4875185e1be099e7ec3196bd9e55 127.0.0.1:43048@53048,,tls-port=0,shard-id=5b6eb6a0ef7b13eb273dcd0adac280a6b2f15b09 slave 59f20449ceca23f95676b637ee019862bf57e3e8 0 1785206735522 129 connected
4861be930809bc8dcd53f03e268f7a44b9371d35 127.0.0.1:43031@53031,,tls-port=0,shard-id=54722357347eabd60b46e009cb824e819c639b5f slave 3895c34265422f7dcf5c4ec6decdb10791e812d7 0 1785206735526 123 connected
d6b970fb996252a329b28befa5da9b3a0de5cbd6 127.0.0.1:43045@53045,,tls-port=0,shard-id=87894ddbdc93b64b7eb9f878942726b6766e8200 master - 0 1785206735522 46 connected 14746-15072
26157fdb9cdd79e00740e39a03c7e2dd298a42d6 127.0.0.1:43079@53079,,tls-port=0,shard-id=4afe26041db6af568b81298ed1b5dddd91d2928e slave 1b42b1b2814cd4cdf845c58d3dee8b06bdc1e2fa 0 1785206734000 22 connected
9865788c3cf3d5f80a9c0e012e6b78d21241598d 127.0.0.1:43040@53040,,tls-port=0,shard-id=e1f06c898fa17e1976b4b452dd7c865b6afc76b1 master - 0 1785206735000 41 connected 13107-13434
021ff45debda42c9d0c6ec4d38697756bc7282c9 127.0.0.1:43026@53026,,tls-port=0,shard-id=2545989db1289eb45d89d68b7d8b4934033076a0 master - 0 1785206735000 27 connected 8520-8846
13a930c01bffcb8daf5144ad671e3768dd678212 127.0.0.1:43007@53007,,tls-port=0,shard-id=8c5cc9b2e62527b8ab13ab4390d07762110f7351 master,fail - 1785206685683 1785206685683 8 connected
3231ee2d6ed1cebbca42e3bb7ba3f492c800c1c0 127.0.0.1:43076@53076,,tls-port=0,shard-id=0d19a7e08628c7684c371051c5e042cb703632e4 slave 043cb3eaf2dce8760506fd276cd505289f8349cc 0 1785206735000 47 connected
e8288695c5a593fe5a0c11c47d868354a88051cc 127.0.0.1:43072@53072,,tls-port=0,shard-id=9b5960f4283de70a25b57c7196754e60a62a4da5 master - 0 1785206735522 113 connected 655-982
a34f88b3c0a2a77332e1b336f504dddc627aede4 127.0.0.1:43080@53080,,tls-port=0,shard-id=96ebe13015200e2f82feb484ad7b630fd12ad1e2 master - 0 1785206736130 119 connected 14418-14745
81487c0f773ac8ae9815f23483de9a68c9fe2906 127.0.0.1:43065@53065,,tls-port=0,shard-id=b8a9c44ceb30b3179a7bc251382b3d62180165cd slave 4c3b73d091cba61cccbf9ec390d61d8c32c3be53 0 1785206735522 40 connected
ca1c92679341c847bd24a1baf020f3931146dede 127.0.0.1:43089@53089,,tls-port=0,shard-id=d062b5ab2273b1ec1dc918821b70c481da4173d7 master - 0 1785206735000 108 connected 1311-1637
8f01fa1ac060f63a1e1e6f38deb5b3aa4966c4ba 127.0.0.1:43060@53060,,tls-port=0,shard-id=e7a548fb030fdd770e86255cfa22d209e82e7461 master - 0 1785206734000 120 connected 5898-6225
c7297d8cbb3bb11b7e1abdbb5c48637723565737 127.0.0.1:43058@53058,,tls-port=0,shard-id=32c43e406be2d2088928e6a26097849163186bed master,fail - 1785206721573 1785206719000 117 disconnected
7af12c56dbaf453a90eac4308c0381e6e523be17 127.0.0.1:43034@53034,,tls-port=0,shard-id=6f467ef0153aa586d0c1b95a034f2225e6cbdf41 master - 0 1785206735000 35 connected 11141-11468
32de53c275041a32b70fa3a1a78909a5dbc79f31 127.0.0.1:43061@53061,,tls-port=0,shard-id=b10989c487841bfc8f5a00be639d039a9586acb6 slave f68002154c31f604c6c390b71ca5de140dd52fd9 0 1785206736000 50 connected
297f19bae932c1c3cbbe8c49309e0a0299329f7c 127.0.0.1:43027@53027,,tls-port=0,shard-id=f49d9c04ce857c2fed32aaf23ba52fff7946876c slave f02f87bd9ea39554aa33d0d2801e1a37deac18cb 0 1785206735000 125 connected
f02f87bd9ea39554aa33d0d2801e1a37deac18cb 127.0.0.1:43057@53057,,tls-port=0,shard-id=f49d9c04ce857c2fed32aaf23ba52fff7946876c master - 0 1785206735522 125 connected 8847-9174
a3998998af2d03552bbd766206c5fd7ec8144f26 127.0.0.1:43050@53050,,tls-port=0,shard-id=cf4c4ae80787b5a48ceaad9efa4119b804987db3 master - 0 1785206735522 121 connected 4915-5242
4c14979bf06ab5c5c3cf869f2ab3330e81c69fc8 127.0.0.1:43094@53094,,tls-port=0,shard-id=781de74fc9433d569412373fa62daba430f16466 slave 240468e94b853b3840656169a90180cbb8320045 0 1785206735000 43 connected
f2a5d1ec510a03b3fab9a1361f64dae29e354e1f 127.0.0.1:43055@53055,,tls-port=0,shard-id=d14734748c2c4e4d5b304c8601e83923ea7bd946 slave 6ef8138d923af73cd9b5795e2e159369dc7576e6 0 1785206735522 21 connected
d7781ef484f388b3b6d54912e5fdefe9391ca53b 127.0.0.1:43023@53023,,tls-port=0,shard-id=2213ac2bc62566111f055dc88b4c15b0638ed1af master - 0 1785206735523 24 connected 7537-7863
5bc3cdb4dd2707e60a01d8dcfdfddcb492d1cdcf 127.0.0.1:43082@53082,,tls-port=0,shard-id=5c5732fd3b1f55735ce84e335492b3e026a0db43 slave d82cfaa3d55f79b9be1bfd2a8a3b9c205545cf3c 0 1785206734576 25 connected
2b8102351d06cb7da0724a18c835db8a8e689452 127.0.0.1:43006@53006,,tls-port=0,shard-id=5ac13db7c17aff53c6e53259cf1562c9616834b4 master,fail - 1785206685684 1785206685684 7 connected
a9847f0b7ddd80dd39278494af56404062388804 127.0.0.1:43063@53063,,tls-port=0,shard-id=4287c9090d6e645b3a3e2a89f25b014df6112693 master - 0 1785206735522 127 connected 7209-7536
9ca43c9a5b873f2f270d2f492af19fce1f1b0cab 127.0.0.1:43070@53070,,tls-port=0,shard-id=5ac13db7c17aff53c6e53259cf1562c9616834b4 master - 0 1785206735000 107 connected 1966-2293
ae7cf753f52f7384bc1084c5adeb691572b27869 127.0.0.1:43029@53029,,tls-port=0,shard-id=3cbe77684b1375f000de2be14bd567fd43813bb0 master - 0 1785206735522 30 connected 9503-9829
a0a21655d6a1ae1d56717571598f731d815ec22c 127.0.0.1:43013@53013,,tls-port=0,shard-id=e687edbcab379eb06397d144fd22d9f0d8b21133 master,fail - 1785206685684 1785206685684 14 connected
d82cfaa3d55f79b9be1bfd2a8a3b9c205545cf3c 127.0.0.1:43024@53024,,tls-port=0,shard-id=5c5732fd3b1f55735ce84e335492b3e026a0db43 master - 0 1785206735526 25 connected 7864-8191
af2c78fadbd09497d85d42a74fceb01b80950ed7 127.0.0.1:43011@53011,,tls-port=0,shard-id=a6a7a2c30ed57bd3aedd78380bdda290c99301d0 master,fail - 1785206685683 1785206685683 12 connected
6ef8138d923af73cd9b5795e2e159369dc7576e6 127.0.0.1:43020@53020,,tls-port=0,shard-id=d14734748c2c4e4d5b304c8601e83923ea7bd946 master - 0 1785206735000 21 connected 6554-6880
c971aa1d062b0939c6a377fdacd774f6cfd3f5c6 127.0.0.1:43096@53096,,tls-port=0,shard-id=765307815d3def2cbc18aba6936aefa372ae660b master - 0 1785206735522 109 connected 328-654
897f4d19f1411bd802339b82af8f53346ffe7b4d 127.0.0.1:43012@53012,,tls-port=0,shard-id=4e40fb3f236d65514aba4a9ddc33f48e8c79ddf3 master,fail - 1785206685683 1785206685683 13 connected
b89efb2979df9746755510be7f43f627833d2e80 127.0.0.1:43032@53032,,tls-port=0,shard-id=7fcfb0caf9d26d28580b9ae161ebe57c99fce995 slave 535f95685df0883fd0c118fc44a09655fe0570ad 0 1785206735000 116 connected
dbcf7735aa4d7cb71d6a05045da14a06a90a3537 127.0.0.1:43088@53088,,tls-port=0,shard-id=ff2088e9463bddb05136636a9b3d2e6922470d34 master - 0 1785206735522 122 connected 11469-11795
97300f8818bb1b33a6e5c8897ee75dc67c1b431d 127.0.0.1:43091@53091,,tls-port=0,shard-id=a6a7a2c30ed57bd3aedd78380bdda290c99301d0 master - 0 1785206735000 102 connected 3604-3931
57681be645364799c435291e3e6f970c6efc47c8 127.0.0.1:43054@53054,,tls-port=0,shard-id=8f41191bb0b54a0150d6d76fef5a54e15692409d slave 3dcea49aecc401816c6f32f070029fea63cda28b 0 1785206735000 34 connected
3409cbd8762fc86a9abc1ece82b14c30b5732e86 127.0.0.1:43073@53073,,tls-port=0,shard-id=d17da985b5a58feed4de8b384d83fb1222722938 master - 0 1785206735522 124 connected 14090-14417
75ec0e6e491ea57ba462e81c2b73d9524dd3339a 127.0.0.1:43036@53036,,tls-port=0,shard-id=94a412ad143eeff2a3200cdb52f5488a5bf43e3f slave 51a1d3fa100e443bcf207bc815881cb1da0ffa6f 0 1785206735000 128 connected
77e576d14f53cacc8b413c32ef73a4748ed72c35 127.0.0.1:43066@53066,,tls-port=0,shard-id=075375405e6538e3228a69dad58ae899c500ace3 master - 0 1785206735000 104 connected 1638-1965
e8ddc1fc4f148fccdf7188ebcab1251bca7d0b03 127.0.0.1:43068@53068,,tls-port=0,shard-id=9818cf0aab2d7a576d1c6f544769155117501059 slave b3bda9ded66705c6f4ef9ec90165780261c9a774 0 1785206735522 39 connected
043cb3eaf2dce8760506fd276cd505289f8349cc 127.0.0.1:43046@53046,,tls-port=0,shard-id=0d19a7e08628c7684c371051c5e042cb703632e4 master - 0 1785206735523 47 connected 15073-15400
b17d42107957413c3afa216b0fd2a40efd894914 127.0.0.1:43035@53035,,tls-port=0,shard-id=ff2088e9463bddb05136636a9b3d2e6922470d34 slave dbcf7735aa4d7cb71d6a05045da14a06a90a3537 0 1785206734576 122 connected
c07bd78cbc3ba30f36cfaf78b5305485eb5cc0ec 127.0.0.1:43084@53084,,tls-port=0,shard-id=ed38d124e0509d98c13129a4b1a513315eb0f63e master - 0 1785206735523 111 connected 0-327
11206996aa4fcb134fc1450c61e1b77fd1554313 127.0.0.1:43047@53047,,tls-port=0,shard-id=4069140c9f67c9976bce714778abd30231af496c master - 0 1785206734575 48 connected 15401-15728
7f20e7764845bf5654d1596274d0ca97bd04e111 192.168.139.2:43090@53090,,tls-port=0,shard-id=8c5cc9b2e62527b8ab13ab4390d07762110f7351 myself,master - 0 0 101 connected 2294-2620
3e8507f76ce24e3c05b1773367229e46dbd6b9e4 127.0.0.1:43044@53044,,tls-port=0,shard-id=96ebe13015200e2f82feb484ad7b630fd12ad1e2 slave a34f88b3c0a2a77332e1b336f504dddc627aede4 0 1785206736000 119 connected
1b42b1b2814cd4cdf845c58d3dee8b06bdc1e2fa 127.0.0.1:43021@53021,,tls-port=0,shard-id=4afe26041db6af568b81298ed1b5dddd91d2928e master - 0 1785206735522 22 connected 6881-7208
56e31b46022430fc0432bf9eb84f76367ee78d29 127.0.0.1:43093@53093,,tls-port=0,shard-id=2545989db1289eb45d89d68b7d8b4934033076a0 slave 021ff45debda42c9d0c6ec4d38697756bc7282c9 0 1785206734576 27 connected
59f20449ceca23f95676b637ee019862bf57e3e8 127.0.0.1:43081@53081,,tls-port=0,shard-id=5b6eb6a0ef7b13eb273dcd0adac280a6b2f15b09 master - 0 1785206735000 129 connected 15729-16055
a106173d75a7c194fc248d3b52e4b033f6c3ce81 127.0.0.1:43025@53025,,tls-port=0,shard-id=fcd4b79d1fb01fed39ae28558a0e74dd481b1fc3 slave 45690b52f7d2661fa983771a9cc9367851f84ee5 0 1785206735000 118 connected
8c831b56cb28e2433afd6a639b779f7cf73a8ecb 127.0.0.1:43051@53051,,tls-port=0,shard-id=29614ee19ea1b84d720c76dc2f0412b174d3b6d6 slave 718d830c262a23ffeb38e0f8f886b8a7639a7c0d 0 1785206735522 31 connected
2a25af3783aae4da6f874f2529630bbd65d4a366 127.0.0.1:43095@53095,,tls-port=0,shard-id=f7c458fa6aabcd9d74fb4ae59a4a7876357e1d20 master - 0 1785206735000 114 connected 983-1310
bb8051f01b5d85c21e5f310bd9f3b6abeeefe9e2 127.0.0.1:43087@53087,,tls-port=0,shard-id=3cbe77684b1375f000de2be14bd567fd43813bb0 slave ae7cf753f52f7384bc1084c5adeb691572b27869 0 1785206735000 30 connected
136b3659d7015aa6d3740a2c7a9414e9e693d991 127.0.0.1:43017@53017,,tls-port=0,shard-id=32c43e406be2d2088928e6a26097849163186bed master - 0 1785206736000 130 connected 5571-5897
718d830c262a23ffeb38e0f8f886b8a7639a7c0d 127.0.0.1:43030@53030,,tls-port=0,shard-id=29614ee19ea1b84d720c76dc2f0412b174d3b6d6 master - 0 1785206735000 31 connected 9830-10157
53aab6310f61f156758427c2a67c74b51cfc2887 127.0.0.1:43043@53043,,tls-port=0,shard-id=d17da985b5a58feed4de8b384d83fb1222722938 slave 3409cbd8762fc86a9abc1ece82b14c30b5732e86 0 1785206735522 124 connected
f68002154c31f604c6c390b71ca5de140dd52fd9 127.0.0.1:43049@53049,,tls-port=0,shard-id=b10989c487841bfc8f5a00be639d039a9586acb6 master - 0 1785206735000 50 connected 16056-16383
3ddb1fe2068972118cc55983341295f829d715cc 127.0.0.1:43028@53028,,tls-port=0,shard-id=4d3be97075c54072c232fb80bc17d3cee950f0af master - 0 1785206735000 29 connected 9175-9502
45690b52f7d2661fa983771a9cc9367851f84ee5 127.0.0.1:43086@53086,,tls-port=0,shard-id=fcd4b79d1fb01fed39ae28558a0e74dd481b1fc3 master - 0 1785206735000 118 connected 8192-8519
8ff391cde62ac35da285a880fe39c0040ae55297 127.0.0.1:43002@53002,,tls-port=0,shard-id=9b5960f4283de70a25b57c7196754e60a62a4da5 master,fail - 1785206685683 1785206685683 3 connected
4c3b73d091cba61cccbf9ec390d61d8c32c3be53 127.0.0.1:43039@53039,,tls-port=0,shard-id=b8a9c44ceb30b3179a7bc251382b3d62180165cd master - 0 1785206734576 40 connected 12780-13106
f07490d8cb6a2bc75b9066139bf4fcf7c004bed8 127.0.0.1:43067@53067,,tls-port=0,shard-id=87894ddbdc93b64b7eb9f878942726b6766e8200 slave d6b970fb996252a329b28befa5da9b3a0de5cbd6 0 1785206734575 46 connected
af9224f6c6b3997f3174cb05a62c89ceaf03f742 127.0.0.1:43064@53064,,tls-port=0,shard-id=3fdf54b1dfe8dba6e6be0f11f8e66729901e5f15 master - 0 1785206734000 105 connected 2949-3276
eda04462ed7666bbfa913d5cd2a069e5c18edc4b 127.0.0.1:43009@53009,,tls-port=0,shard-id=3fdf54b1dfe8dba6e6be0f11f8e66729901e5f15 master,fail - 1785206685684 1785206685684 10 connected
91462d5c46d4f689c816acbd1bafc885d719ebdf 127.0.0.1:43018@53018,,tls-port=0,shard-id=e7a548fb030fdd770e86255cfa22d209e82e7461 slave 8f01fa1ac060f63a1e1e6f38deb5b3aa4966c4ba 0 1785206735526 120 connected
3254898e3777ca0d91b820709852d139713cff04 127.0.0.1:43001@53001,,tls-port=0,shard-id=765307815d3def2cbc18aba6936aefa372ae660b master,fail - 1785206685684 1785206685684 2 connected
750d0d274daeb523c13bc398f9db981451ca4d74 127.0.0.1:43098@53098,,tls-port=0,shard-id=f759289807839578713497843a5e0e2b7100e2bb master - 0 1785206735000 126 connected 12124-12451
240468e94b853b3840656169a90180cbb8320045 127.0.0.1:43042@53042,,tls-port=0,shard-id=781de74fc9433d569412373fa62daba430f16466 master - 0 1785206735724 43 connected 13763-14089
aa34ea70a67865b6e155de387193f9bad86e88ad 127.0.0.1:43004@53004,,tls-port=0,shard-id=d062b5ab2273b1ec1dc918821b70c481da4173d7 master,fail - 1785206685684 1785206685684 5 connected
497f5f2c03c9ba85762ac4b45e875f57d0e2274d 127.0.0.1:43075@53075,,tls-port=0,shard-id=1f1730c03293666312fb6e2e8370621227fb9332 master - 0 1785206735000 110 connected 2621-2948
19267d63c5c3b034be62452b739e693f976246e8 127.0.0.1:43062@53062,,tls-port=0,shard-id=6ecb2c2cc9a06793d78f2c3cff9f12b5da9b04ca slave 1377c162e23ebb1d1968d56982381297190b12f0 0 1785206734575 20 connected
47332c36b84f555b239fdaa5c549b52936b2240b 127.0.0.1:43037@53037,,tls-port=0,shard-id=f759289807839578713497843a5e0e2b7100e2bb slave 750d0d274daeb523c13bc398f9db981451ca4d74 0 1785206735000 126 connected
b1a8885405e9f0cf0198ac3b59cc78334655951e 127.0.0.1:43074@53074,,tls-port=0,shard-id=dff3179cfe139682dd5b35c7580a93d24d27c3dd slave d7596d758dd12949a868078140cfade9aa56cd80 0 1785206735522 42 connected
b478f80dab953e9c2b150f692a5bf05baeef5ca3 127.0.0.1:43052@53052,,tls-port=0,shard-id=ebda520828bde86096e0ba5d50909d6468dfbfd9 master,fail - 1785206688243 1785206685684 112 connected 4588-4914
d7596d758dd12949a868078140cfade9aa56cd80 127.0.0.1:43041@53041,,tls-port=0,shard-id=dff3179cfe139682dd5b35c7580a93d24d27c3dd master - 0 1785206736000 42 connected 13435-13762
dce92a45cc533ba31aedb4cae4901f7a6f0ca9f6 127.0.0.1:43015@53015,,tls-port=0,shard-id=cf4c4ae80787b5a48ceaad9efa4119b804987db3 slave a3998998af2d03552bbd766206c5fd7ec8144f26 0 1785206735526 121 connected
1377c162e23ebb1d1968d56982381297190b12f0 127.0.0.1:43019@53019,,tls-port=0,shard-id=6ecb2c2cc9a06793d78f2c3cff9f12b5da9b04ca master - 0 1785206735000 20 connected 6226-6553
f6625cba8c046b6d1bb994e59d8b1d24054f53c8 127.0.0.1:43005@53005,,tls-port=0,shard-id=075375405e6538e3228a69dad58ae899c500ace3 master,fail - 1785206685683 1785206685683 6 connected
4abc87c900864bc266d53d245e18cf923546f546 127.0.0.1:43099@53099,,tls-port=0,shard-id=e1f06c898fa17e1976b4b452dd7c865b6afc76b1 slave 9865788c3cf3d5f80a9c0e012e6b78d21241598d 0 1785206735000 41 connected
3895c34265422f7dcf5c4ec6decdb10791e812d7 127.0.0.1:43085@53085,,tls-port=0,shard-id=54722357347eabd60b46e009cb824e819c639b5f master - 0 1785206735000 123 connected 10158-10485
a1e96ea2f4ab5bb2b439c0d709e7f1229d4867d0 127.0.0.1:43008@53008,,tls-port=0,shard-id=1f1730c03293666312fb6e2e8370621227fb9332 master,fail - 1785206685684 1785206685684 9 connected
eb1adddd867d0abf5057c145297088713e01ff60 127.0.0.1:43097@53097,,tls-port=0,shard-id=11c3bba5a76fb49eab79dc65a5350bc1c3831cc3 master - 0 1785206735000 103 connected 3277-3603
25cbe30aa8f75982942e36df0cfbe6f1ba2f4fad 127.0.0.1:43069@53069,,tls-port=0,shard-id=acf022a55590d83c45583a7a6d78a3b7a94983cb slave d14a79794e64afb37a60bedbfc01bbd3e7b8a762 0 1785206735523 17 connected
d2b987762bd0686a5d0102a9803ef96cb103ff9c 127.0.0.1:43014@53014,,tls-port=0,shard-id=ebda520828bde86096e0ba5d50909d6468dfbfd9 master,fail - 1785206685684 1785206685684 15 connected
66b22648b675bd3ba177c193c35be786d2a59ebb 127.0.0.1:43003@53003,,tls-port=0,shard-id=f7c458fa6aabcd9d74fb4ae59a4a7876357e1d20 master,fail - 1785206685684 1785206685684 4 connected
485ac6326fa59e17338be9595a2c7e20de7496b6 127.0.0.1:43059@53059,,tls-port=0,shard-id=4069140c9f67c9976bce714778abd30231af496c slave 11206996aa4fcb134fc1450c61e1b77fd1554313 0 1785206735000 48 connected
c0a5722dac9e1423a04ebf655541420084ae8b4b 127.0.0.1:43092@53092,,tls-port=0,shard-id=4d3be97075c54072c232fb80bc17d3cee950f0af slave 3ddb1fe2068972118cc55983341295f829d715cc 0 1785206735000 29 connected
2d8b55da5144619791c671bb8cf5a3d093c40075 127.0.0.1:43056@53056,,tls-port=0,shard-id=6f467ef0153aa586d0c1b95a034f2225e6cbdf41 slave 7af12c56dbaf453a90eac4308c0381e6e523be17 0 1785206735523 35 connected
782c0dac7de57b958337a52ff780be56f96cc9ab 127.0.0.1:43077@53077,,tls-port=0,shard-id=e687edbcab379eb06397d144fd22d9f0d8b21133 master - 0 1785206735000 115 connected 4260-4587
d14a79794e64afb37a60bedbfc01bbd3e7b8a762 127.0.0.1:43016@53016,,tls-port=0,shard-id=acf022a55590d83c45583a7a6d78a3b7a94983cb master - 0 1785206734000 17 connected 5243-5570
51a1d3fa100e443bcf207bc815881cb1da0ffa6f 127.0.0.1:43053@53053,,tls-port=0,shard-id=94a412ad143eeff2a3200cdb52f5488a5bf43e3f master - 0 1785206735000 128 connected 11796-12123
1f729d497177a475cad5ff227b6b52c03393b2e3 127.0.0.1:43078@53078,,tls-port=0,shard-id=2213ac2bc62566111f055dc88b4c15b0638ed1af slave d7781ef484f388b3b6d54912e5fdefe9391ca53b 0 1785206735000 24 connected

------ CLIENT LIST OUTPUT ------

------ MODULES INFO OUTPUT ------

------ CONFIG DEBUG OUTPUT ------
proto-max-bulk-len 512mb
list-compress-depth 0
lazyfree-lazy-expire yes
lazyfree-lazy-server-del yes
client-query-buffer-limit 1gb
slave-read-only yes
dual-channel-replication-enabled no
lazyfree-lazy-user-del yes
lazyfree-lazy-eviction yes
repl-diskless-load disabled
activedefrag no
repl-diskless-sync yes
debug-context ""
replica-read-only yes
io-threads 1
lazyfree-lazy-user-flush yes
sanitize-dump-payload no
import-mode no

------ FAST MEMORY TEST ------
1:M 28 Jul 2026 02:45:36.525 # Bio worker thread #0 terminated
1:M 28 Jul 2026 02:45:36.525 # Bio worker thread #1 terminated
1:M 28 Jul 2026 02:45:36.526 # Bio worker thread #2 terminated
1:M 28 Jul 2026 02:45:36.526 # Bio worker thread #3 terminated
*** Preparing to test memory region aaaadaf9c000 (786432 bytes)
*** Preparing to test memory region aaaaedb4e000 (540672 bytes)
*** Preparing to test memory region ffff78000000 (135168 bytes)
*** Preparing to test memory region ffff7e000000 (8388608 bytes)
*** Preparing to test memory region ffff7e800000 (2097152 bytes)
*** Preparing to test memory region ffff7ebc0000 (8388608 bytes)
*** Preparing to test memory region ffff7f3d0000 (8388608 bytes)
*** Preparing to test memory region ffff7fbe0000 (8388608 bytes)
*** Preparing to test memory region ffff803f0000 (8388608 bytes)
*** Preparing to test memory region ffff80c00000 (8388608 bytes)
*** Preparing to test memory region ffff81400000 (4194304 bytes)
*** Preparing to test memory region ffff81900000 (17825792 bytes)
*** Preparing to test memory region ffff82df2000 (53248 bytes)
*** Preparing to test memory region ffff83403000 (12288 bytes)
*** Preparing to test memory region ffff83746000 (28672 bytes)
*** Preparing to test memory region ffff8374f000 (8192 bytes)
*** Preparing to test memory region ffff8375a000 (4096 bytes)
.O.O.O.O.O.O.O.O.O.O.O.O.O.O.O.O.O
Fast memory test PASSED, however your memory can still be broken. Please run a memory test for several hours if possible.

=== VALKEY BUG REPORT END. Make sure to include from START to END. ===

       Please report the crash by opening an issue on github:

           https://github.com/valkey-io/valkey/issues

  If a module was involved, please open in the module's repo instead.

  Suspect RAM error? Use valkey-server --test-memory to verify it.

  Some other issues could be detected by valkey-server --check-system
